eval,entry,exit,invested,n_hold,turnover,cost,gross,net,buys,sells,equity
2014-01-03,2014-01-06,2014-01-13,1.0,0,1.0,0.0025,0.0003846153846153846,-0.002116346153846038,0,0,0.997883653846154
2014-01-10,2014-01-13,2014-01-20,1.0,0,0.0,0.0,0.0003846153846153846,0.00038461538461542766,0,0,0.9982674552514794
2014-01-17,2014-01-20,2014-01-27,1.0,0,0.0,0.0,0.0003846153846153846,0.00038461538461542766,0,0,0.99865140427273
2014-01-24,2014-01-27,2014-02-03,1.0,0,0.0,0.0,0.0003846153846153846,0.00038461538461542766,0,0,0.9990355009666811
2014-01-29,2014-02-03,2014-02-10,1.0,0,0.0,0.0,0.0003846153846153846,0.00038461538461542766,0,0,0.9994197453901299
2014-02-07,2014-02-10,2014-02-17,1.0,0,0.0,0.0,0.0003846153846153846,0.00038461538461542766,0,0,0.9998041375998954
2014-02-14,2014-02-17,2014-02-24,1.0,0,0.0,0.0,0.0003846153846153846,0.00038461538461542766,0,0,1.0001886776528184
2014-02-21,2014-02-24,2014-03-03,1.0,0,0.0,0.0,0.0003846153846153846,0.00038461538461542766,0,0,1.0005733656057618
2014-02-28,2014-03-03,2014-03-10,1.0,0,0.0,0.0,0.0003846153846153846,0.00038461538461542766,0,0,1.0009582015156102
2014-03-07,2014-03-10,2014-03-17,1.0,0,0.0,0.0,0.0003846153846153846,0.00038461538461542766,0,0,1.00134318543927
2014-03-14,2014-03-17,2014-03-24,1.0,0,0.0,0.0,0.0003846153846153846,0.00038461538461542766,0,0,1.0017283174336697
2014-03-21,2014-03-24,2014-03-31,1.0,0,0.0,0.0,0.0003846153846153846,0.00038461538461542766,0,0,1.0021135975557596
2014-03-28,2014-03-31,2014-04-07,1.0,0,0.0,0.0,0.0003846153846153846,0.00038461538461542766,0,0,1.002499025862512
2014-04-04,2014-04-07,2014-04-14,1.0,0,0.0,0.0,0.0003846153846153846,0.00038461538461542766,0,0,1.0028846024109206
2014-04-11,2014-04-14,2014-04-21,1.0,0,0.0,0.0,0.0003846153846153846,0.00038461538461542766,0,0,1.0032703272580017
2014-04-18,2014-04-21,2014-04-28,1.0,0,0.0,0.0,0.0003846153846153846,0.00038461538461542766,0,0,1.0036562004607932
2014-04-25,2014-04-28,2014-05-07,1.0,0,0.0,0.0,0.0003846153846153846,0.00038461538461542766,0,0,1.004042222076355
2014-05-02,2014-05-07,2014-05-12,1.0,0,0.0,0.0,0.0003846153846153846,0.00038461538461542766,0,0,1.004428392161769
2014-05-09,2014-05-12,2014-05-19,1.0,0,0.0,0.0,0.0003846153846153846,0.00038461538461542766,0,0,1.004814710774139
2014-05-16,2014-05-19,2014-05-26,1.0,0,0.0,0.0,0.0003846153846153846,0.00038461538461542766,0,0,1.0052011779705907
2014-05-23,2014-05-26,2014-06-02,1.0,0,0.0,0.0,0.0003846153846153846,0.00038461538461542766,0,0,1.0055877938082718
2014-05-30,2014-06-02,2014-06-09,1.0,0,0.0,0.0,0.0003846153846153846,0.00038461538461542766,0,0,1.005974558344352
2014-06-05,2014-06-09,2014-06-16,1.0,0,0.0,0.0,0.0003846153846153846,0.00038461538461542766,0,0,1.006361471636023
2014-06-13,2014-06-16,2014-06-23,1.0,0,0.0,0.0,0.0003846153846153846,0.00038461538461542766,0,0,1.0067485337404984
2014-06-20,2014-06-23,2014-06-30,1.0,0,0.0,0.0,0.0003846153846153846,0.00038461538461542766,0,0,1.007135744715014
2014-06-27,2014-06-30,2014-07-07,1.0,0,0.0,0.0,0.0003846153846153846,0.00038461538461542766,0,0,1.0075231046168276
2014-07-04,2014-07-07,2014-07-14,1.0,0,0.0,0.0,0.0003846153846153846,0.00038461538461542766,0,0,1.0079106135032188
2014-07-11,2014-07-14,2014-07-21,1.0,0,0.0,0.0,0.0003846153846153846,0.00038461538461542766,0,0,1.0082982714314892
2014-07-18,2014-07-21,2014-07-28,1.0,0,0.0,0.0,0.0003846153846153846,0.00038461538461542766,0,0,1.0086860784589629
2014-07-25,2014-07-28,2014-08-04,1.0,0,0.0,0.0,0.0003846153846153846,0.00038461538461542766,0,0,1.0090740346429856
2014-08-01,2014-08-04,2014-08-11,1.0,0,0.0,0.0,0.0003846153846153846,0.00038461538461542766,0,0,1.0094621400409254
2014-08-08,2014-08-11,2014-08-18,1.0,0,0.0,0.0,0.0003846153846153846,0.00038461538461542766,0,0,1.009850394710172
2014-08-14,2014-08-18,2014-08-25,1.0,0,0.0,0.0,0.0003846153846153846,0.00038461538461542766,0,0,1.0102387987081376
2014-08-22,2014-08-25,2014-09-01,1.0,0,0.0,0.0,0.0003846153846153846,0.00038461538461542766,0,0,1.0106273520922562
2014-08-29,2014-09-01,2014-09-11,1.0,0,0.0,0.0,0.0003846153846153846,0.00038461538461542766,0,0,1.011016054919984
2014-09-05,2014-09-11,2014-09-15,1.0,0,0.0,0.0,0.0003846153846153846,0.00038461538461542766,0,0,1.0114049072487994
2014-09-12,2014-09-15,2014-09-22,1.0,0,0.0,0.0,0.0003846153846153846,0.00038461538461542766,0,0,1.0117939091362027
2014-09-19,2014-09-22,2014-09-29,1.0,0,0.0,0.0,0.0003846153846153846,0.00038461538461542766,0,0,1.0121830606397166
2014-09-26,2014-09-29,2014-10-06,1.0,0,0.0,0.0,0.0003846153846153846,0.00038461538461542766,0,0,1.0125723618168858
2014-10-02,2014-10-06,2014-10-13,1.0,0,0.0,0.0,0.0003846153846153846,0.00038461538461542766,0,0,1.012961812725277
2014-10-10,2014-10-13,2014-10-20,1.0,0,0.0,0.0,0.0003846153846153846,0.00038461538461542766,0,0,1.0133514134224793
2014-10-17,2014-10-20,2014-10-27,1.0,0,0.0,0.0,0.0003846153846153846,0.00038461538461542766,0,0,1.0137411639661034
2014-10-24,2014-10-27,2014-11-03,1.0,0,0.0,0.0,0.0003846153846153846,0.00038461538461542766,0,0,1.0141310644137826
2014-10-31,2014-11-03,2014-11-10,1.0,0,0.0,0.0,0.0003846153846153846,0.00038461538461542766,0,0,1.0145211148231725
2014-11-07,2014-11-10,2014-11-17,1.0,0,0.0,0.0,0.0003846153846153846,0.00038461538461542766,0,0,1.0149113152519507
2014-11-14,2014-11-17,2014-11-24,1.0,0,0.0,0.0,0.0003846153846153846,0.00038461538461542766,0,0,1.0153016657578169
2014-11-21,2014-11-24,2014-12-01,1.0,0,0.0,0.0,0.0003846153846153846,0.00038461538461542766,0,0,1.015692166398493
2014-11-28,2014-12-01,2014-12-08,1.0,0,0.0,0.0,0.0003846153846153846,0.00038461538461542766,0,0,1.0160828172317233
2014-12-05,2014-12-08,2014-12-15,1.0,0,0.0,0.0,0.0003846153846153846,0.00038461538461542766,0,0,1.016473618315274
2014-12-12,2014-12-15,2014-12-22,1.0,0,0.0,0.0,0.0003846153846153846,0.00038461538461542766,0,0,1.0168645697069338
2014-12-19,2014-12-22,2014-12-29,1.0,0,0.0,0.0,0.0003846153846153846,0.00038461538461542766,0,0,1.0172556714645136
2014-12-26,2014-12-29,2015-01-05,1.0,0,0.0,0.0,0.0003846153846153846,0.00038461538461542766,0,0,1.017646923645846
2015-01-02,2015-01-05,2015-01-12,1.0,0,0.0,0.0,0.0003846153846153846,0.00038461538461542766,0,0,1.0180383263087869
2015-01-09,2015-01-12,2015-01-19,1.0,12,2.0,0.005,0.004591277605632928,-0.0004316787823952506,12,0,1.0175988607636541
2015-01-16,2015-01-19,2015-01-26,1.0,10,0.3333333333333334,0.0008333333333333336,0.006406552670429178,0.005567880543203785,0,2,1.0232647296612865
2015-01-23,2015-01-26,2015-02-02,1.0,10,0.6000000000000001,0.0015000000000000002,0.011743802137647762,0.010226186434441287,3,3,1.033728825558591
2015-01-30,2015-02-02,2015-02-09,1.0,10,0.6000000000000001,0.0015000000000000002,-0.009328450795044008,-0.010814458118851289,3,3,1.0225496084683383
2015-02-06,2015-02-09,2015-02-16,1.0,10,0.6000000000000001,0.0015000000000000002,0.026918215669192513,0.025377838345688852,3,3,1.0484997071324953
2015-02-13,2015-02-16,2015-02-23,1.0,12,0.3333333333333334,0.0008333333333333336,0.01226655928842868,0.01142300382235506,2,0,1.060476723294808
2015-02-17,2015-02-23,2015-03-02,1.0,10,0.3333333333333334,0.0008333333333333336,0.01306610779479006,0.012221886038294327,0,2,1.073437748953181
2015-02-27,2015-03-02,2015-03-09,1.0,10,0.4,0.001,0.007644067760057926,0.006636423692297999,2,2,1.080561536662541
2015-03-06,2015-03-09,2015-03-16,1.0,10,0.4,0.001,0.02506506439618319,0.02403999933178702,2,2,1.1065382352818631
2015-03-13,2015-03-16,2015-03-23,1.0,15,0.9333333333333333,0.0023333333333333335,0.029408772220574343,0.02700681841872621,7,2,1.1364223124754982
2015-03-20,2015-03-23,2015-03-30,1.0,15,0.0,0.0,-0.023217990706443658,-0.023217990706443703,0,0,1.1100368697858467
2015-03-27,2015-03-30,2015-04-06,1.0,15,0.0,0.0,0.019492770744005742,0.019492770744005794,0,0,1.131674564005976
2015-04-03,2015-04-06,2015-04-13,1.0,15,1.2,0.003,0.036250691657467096,0.033141939582494784,9,9,1.1691804540333082
2015-04-10,2015-04-13,2015-04-20,1.0,15,0.0,0.0,0.010586298267795217,0.010586298267795113,0,0,1.181557747048581
2015-04-17,2015-04-20,2015-04-27,1.0,15,0.26666666666666666,0.0006666666666666666,-0.01041604571324454,-0.011075768349435688,2,2,1.1684710871507897
2015-04-24,2015-04-27,2015-05-04,1.0,15,0.0,0.0,-0.012206904101161526,-0.012206904101161542,0,0,1.1542076726449602
2015-04-30,2015-05-04,2015-05-11,1.0,15,0.0,0.0,0.007271463188517857,0.0072714631885177905,0,0,1.1626004512485029
2015-05-08,2015-05-11,2015-05-18,1.0,15,0.0,0.0,0.043301415998597485,0.04330141599859738,0,0,1.2129426970281714
2015-05-15,2015-05-18,2015-05-26,1.0,15,0.0,0.0,0.07851844558412716,0.07851844558412724,0,0,1.3081810721814424
2015-05-22,2015-05-26,2015-06-01,1.0,15,0.0,0.0,-0.0052734090303919,-0.005273409030391862,0,0,1.301282498302013
2015-05-29,2015-06-01,2015-06-08,1.0,15,0.0,0.0,-0.003609906917357534,-0.0036099069173575193,0,0,1.2965849896099564
2015-06-05,2015-06-08,2015-06-15,1.0,15,0.0,0.0,0.029244381870784063,0.029244381870784153,0,0,1.3345028161740367
2015-06-12,2015-06-15,2015-06-22,1.0,15,0.0,0.0,0.06751260308107646,0.06751260308107643,0,0,1.424598575112973
2015-06-19,2015-06-22,2015-06-29,1.0,15,0.0,0.0,0.048478815942931235,0.04847881594293124,0,0,1.493661427228437
2015-06-26,2015-06-29,2015-07-06,1.0,15,0.0,0.0,0.009305266003639612,0.009305266003639678,0,0,1.5075603441281737
2015-07-03,2015-07-06,2015-07-13,1.0,15,1.6,0.004,-0.03313454523614319,-0.03700200705519863,12,12,1.4517775856386055
2015-07-10,2015-07-13,2015-07-20,1.0,15,0.0,0.0,0.05159454932177187,0.051594549321771765,0,0,1.5266813958850793
2015-07-17,2015-07-20,2015-07-27,1.0,15,0.4,0.001,0.0015583648995044423,0.0005568065346048812,3,3,1.527531462062568
2015-07-24,2015-07-27,2015-08-03,1.0,15,0.4,0.001,-0.04894954786055747,-0.04990059831269689,3,3,1.4513067281641772
2015-07-31,2015-08-03,2015-08-10,1.0,15,0.0,0.0,0.02052280953988601,0.020522809539885944,0,0,1.4810916197302455
2015-08-07,2015-08-10,2015-08-17,1.0,15,0.0,0.0,-0.028197628802958966,-0.02819762880295895,0,0,1.4393283480139187
2015-08-13,2015-08-17,2015-08-24,1.0,15,0.0,0.0,-0.12207356480882092,-0.12207356480882092,0,0,1.2636244056414685
2015-08-21,2015-08-24,2015-08-31,1.0,15,0.0,0.0,0.07094236138626223,0.07094236138626231,0,0,1.3532689048829865
2015-08-28,2015-08-31,2015-09-07,1.0,15,0.0,0.0,-0.09188247850923889,-0.09188247850923892,0,0,1.2289272038128543
2015-09-04,2015-09-07,2015-09-14,1.0,15,0.0,0.0,0.04287550797895349,0.042875507978953564,0,0,1.2816180819454854
2015-09-11,2015-09-14,2015-09-21,1.0,15,0.0,0.0,0.03404313611347682,0.03404313611347676,0,0,1.3252483807546487
2015-09-18,2015-09-21,2015-09-30,1.0,15,0.0,0.0,-0.03085367181407588,-0.030853671814075834,0,0,1.2843596021427093
2015-09-25,2015-09-30,2015-10-05,1.0,12,0.39999999999999997,0.001,0.026646106363341648,0.025619460256978366,0,3,1.317264201925473
2015-10-02,2015-10-05,2015-10-12,1.0,15,1.3333333333333333,0.003333333333333333,-0.03552751012444307,-0.03874241842402826,10,7,1.2662302010394826
2015-10-08,2015-10-12,2015-10-19,1.0,15,0.0,0.0,-0.04832643939768973,-0.04832643939768977,0,0,1.2050378039654235
2015-10-16,2015-10-19,2015-10-26,1.0,15,0.4,0.001,0.01644948784437484,0.015433038356530426,3,3,1.223635198615091
2015-10-23,2015-10-26,2015-11-02,1.0,15,0.4,0.001,-0.016600375422094322,-0.0175837750466723,3,3,1.2021190725434532
2015-10-30,2015-11-02,2015-11-09,1.0,15,0.26666666666666666,0.0006666666666666666,0.011345925395478977,0.01067169477854879,2,2,1.2149477203731092
2015-11-06,2015-11-09,2015-11-16,1.0,15,0.0,0.0,-0.06808483165137129,-0.06808483165137125,0,0,1.1322282093662888
2015-11-13,2015-11-16,2015-11-23,1.0,15,0.0,0.0,0.02259131362563129,0.02259131362563127,0,0,1.1578067319398695
2015-11-20,2015-11-23,2015-11-30,1.0,15,0.0,0.0,0.03966490260876428,0.03966490260876432,0,0,1.2037310232020362
2015-11-27,2015-11-30,2015-12-07,1.0,15,0.4,0.001,-0.02730520004056994,-0.02827789484052934,3,3,1.1696920439116463
2015-12-04,2015-12-07,2015-12-14,1.0,15,0.6666666666666666,0.0016666666666666666,-0.034189861751951385,-0.03579954531569818,5,5,1.1278176005802196
2015-12-11,2015-12-14,2015-12-21,1.0,15,0.4,0.001,0.04965933035622599,0.04860967102586988,3,3,1.18264044312161
2015-12-18,2015-12-21,2015-12-28,1.0,15,0.4,0.001,-0.00037754330981810323,-0.0013771657665082593,3,3,1.1810117511892548
2015-12-24,2015-12-28,2016-01-04,1.0,15,0.4,0.001,0.03771332901730036,0.036675615688283036,3,3,1.224326084299218
2015-12-30,2016-01-04,2016-01-11,1.0,15,1.2,0.003,-0.017200854177651402,-0.02014925161511838,9,9,1.1996568299677204
2016-01-08,2016-01-11,2016-01-18,1.0,15,0.6666666666666666,0.0016666666666666666,-0.02769494381509051,-0.029315452242065443,5,5,1.164488347461934
2016-01-15,2016-01-18,2016-01-25,1.0,15,0.0,0.0,-0.002667081440955029,-0.002667081440955066,0,0,1.16138256220221
2016-01-22,2016-01-25,2016-02-01,1.0,15,0.0,0.0,0.012918107545629779,0.01291810754562972,0,0,1.1763854270423573
2016-01-29,2016-02-01,2016-02-11,1.0,15,0.0,0.0,-0.02110288105663205,-0.02110288105663205,0,0,1.151560305298727
2016-02-05,2016-02-11,2016-02-15,1.0,15,0.0,0.0,-0.03473436155016083,-0.03473436155016085,0,0,1.1115615933076675
2016-02-12,2016-02-15,2016-02-22,1.0,15,0.5333333333333333,0.0013333333333333333,0.04092625326985481,0.03953835159882835,4,4,1.1555109064076199
2016-02-19,2016-02-22,2016-02-29,1.0,10,0.6666666666666667,0.001666666666666667,0.006424354880308292,0.004746980955507629,0,5,1.1609960946742182
2016-02-26,2016-02-29,2016-03-07,1.0,10,0.0,0.0,9.321864169797856e-07,9.321864169464789e-07,0,0,1.1609971769390077
2016-03-04,2016-03-07,2016-03-14,1.0,10,0.0,0.0,0.04133371442984475,0.04133371442984468,0,0,1.2089855027044605
2016-03-11,2016-03-14,2016-03-21,1.0,8,1.0,0.0025,-0.005464475201080843,-0.007950814013078067,3,5,1.1993730838279497
2016-03-18,2016-03-21,2016-03-28,1.0,8,0.0,0.0,-0.001606004029740593,-0.0016060040297405376,0,0,1.1974468858221596
2016-03-25,2016-03-28,2016-04-04,1.0,10,0.39999999999999997,0.001,-0.02186477787586514,-0.022842913097989248,2,0,1.1700937106698661
2016-04-01,2016-04-04,2016-04-11,1.0,9,1.2,0.003,0.027109515630442543,0.024028187083551256,5,6,1.1982089412551284
2016-04-08,2016-04-11,2016-04-18,1.0,9,0.0,0.0,-0.03338236058901625,-0.033382360589016224,0,0,1.1582098983171665
2016-04-15,2016-04-18,2016-04-25,1.0,9,0.0,0.0,0.045040468952480074,0.04504046895248015,0,0,1.210376215282776
2016-04-22,2016-04-25,2016-05-02,1.0,9,0.0,0.0,-0.019408874193227246,-0.019408874193227232,0,0,1.186884175593878
2016-04-29,2016-05-02,2016-05-09,1.0,9,0.0,0.0,0.015410037265921014,0.01541003726592094,0,0,1.2051741049701115
2016-05-04,2016-05-09,2016-05-16,1.0,9,0.0,0.0,0.0026777722192627973,0.0026777722192627973,0,0,1.2084012867077754
2016-05-13,2016-05-16,2016-05-23,1.0,9,0.0,0.0,-0.008807047052130547,-0.008807047052130534,0,0,1.1977588397178849
2016-05-20,2016-05-23,2016-05-30,1.0,9,0.6666666666666666,0.0016666666666666666,0.013473977899192876,0.011784854602694184,3,3,1.2118742534930518
2016-05-27,2016-05-30,2016-06-07,1.0,9,0.0,0.0,0.02052424120895608,0.02052424120895613,0,0,1.2367470529866669
2016-06-03,2016-06-07,2016-06-13,1.0,9,0.0,0.0,-0.012615179930970931,-0.012615179930970943,0,0,1.221145266384142
2016-06-10,2016-06-13,2016-06-20,1.0,9,0.0,0.0,-0.02036702388356108,-0.020367023883561042,0,0,1.1962741715783987
2016-06-17,2016-06-20,2016-06-27,1.0,9,0.0,0.0,-0.03735606836394134,-0.03735606836394134,0,0,1.1515860718428987
2016-06-24,2016-06-27,2016-07-04,1.0,9,0.6666666666666666,0.0016666666666666666,0.0759609974235331,0.07416772909449376,3,3,1.236996595648335
2016-07-01,2016-07-04,2016-07-11,1.0,9,0.8888888888888888,0.0022222222222222222,-0.02948066992151261,-0.03163737954390933,4,4,1.197861264857285
2016-07-08,2016-07-11,2016-07-18,1.0,9,0.0,0.0,-0.0035460465089742024,-0.0035460465089741655,0,0,1.1936135931008025
2016-07-15,2016-07-18,2016-07-25,1.0,9,0.0,0.0,-0.003268788783375048,-0.0032687887833749985,0,0,1.1897119223759907
2016-07-22,2016-07-25,2016-08-01,1.0,9,0.6666666666666666,0.0016666666666666666,0.006128513527563495,0.004451632671684136,3,3,1.1950080828395317
2016-07-29,2016-08-01,2016-08-08,1.0,9,0.0,0.0,-0.017530283502615776,-0.017530283502615762,0,0,1.1740592523594373
2016-08-05,2016-08-08,2016-08-16,1.0,9,0.0,0.0,0.05267618475426085,0.052676184754260946,0,0,1.2359042144491725
2016-08-12,2016-08-16,2016-08-22,1.0,9,0.0,0.0,-0.04016336176231651,-0.040163361762316496,0,0,1.1862661463806787
2016-08-19,2016-08-22,2016-08-29,1.0,9,0.0,0.0,-0.016418479937338273,-0.01641847993733825,0,0,1.166789459455984
2016-08-26,2016-08-29,2016-09-05,1.0,9,0.6666666666666666,0.0016666666666666666,0.002697305432799434,0.0010261432570781714,3,3,1.1679867525922347
2016-09-02,2016-09-05,2016-09-12,1.0,9,0.0,0.0,-0.03034638980738237,-0.030346389807382357,0,0,1.132542571308212
2016-09-09,2016-09-12,2016-09-19,1.0,9,0.4444444444444444,0.0011111111111111111,0.006240073322696025,0.005122028796781919,2,2,1.1383434869720341
2016-09-13,2016-09-19,2016-09-26,1.0,9,0.4444444444444444,0.0011111111111111111,0.05134194403879021,0.05017378632319147,2,2,1.1954584898497658
2016-09-23,2016-09-26,2016-10-04,1.0,9,1.1111111111111112,0.002777777777777778,0.01021211649982006,0.00740597173176516,5,5,1.2043120216320917
2016-09-30,2016-10-04,2016-10-10,1.0,15,1.2,0.003,-0.009557506487022442,-0.012528833967561437,9,3,1.189223396267925
2016-10-07,2016-10-10,2016-10-17,1.0,15,0.0,0.0,0.013697908384145722,0.013697908384145752,0,0,1.2055132693982857
2016-10-14,2016-10-17,2016-10-24,1.0,9,0.9333333333333332,0.002333333333333333,-0.016621607870344033,-0.01891615745197983,1,7,1.1827095905838967
2016-10-21,2016-10-24,2016-10-31,1.0,11,0.9090909090909091,0.0022727272727272726,0.013555925381413541,0.01125238918736482,5,3,1.1960178991927757
2016-10-28,2016-10-31,2016-11-07,1.0,9,0.36363636363636354,0.0009090909090909089,-0.011120968749424377,-0.01201994968692488,0,2,1.181641824219817
2016-11-04,2016-11-07,2016-11-14,1.0,9,0.0,0.0,-0.030237512595409768,-0.030237512595409743,0,0,1.1459119146767074
2016-11-11,2016-11-14,2016-11-21,1.0,9,0.6666666666666666,0.0016666666666666666,0.010550551841489798,0.008866300921754,3,3,1.1560719145420544
2016-11-18,2016-11-21,2016-11-28,1.0,9,0.0,0.0,-0.035585527666125674,-0.03558552766612566,0,0,1.1149324854430873
2016-11-25,2016-11-28,2016-12-05,1.0,9,0.0,0.0,0.0046933731183865296,0.004693373118386468,0,0,1.1201652795990817
2016-12-02,2016-12-05,2016-12-12,1.0,9,0.0,0.0,0.02735170358851406,0.02735170358851402,0,0,1.1508037082968208
2016-12-09,2016-12-12,2016-12-19,1.0,7,1.7777777777777777,0.0044444444444444444,0.03879073409027013,0.0341738863832024,6,8,1.1901311434735242
2016-12-16,2016-12-19,2016-12-26,1.0,13,1.0769230769230769,0.002692307692307692,-0.009041001532097014,-0.011708968066433623,7,1,1.1761959359197245
2016-12-23,2016-12-26,2017-01-02,1.0,11,0.3076923076923077,0.0007692307692307693,-0.01222798239401236,-0.012987807022940001,0,2,1.160919730082833
2016-12-29,2017-01-02,2017-01-09,1.0,10,1.2727272727272727,0.003181818181818182,0.018677755040538434,0.015436507638136643,6,7,1.1788402763635202
2017-01-06,2017-01-09,2017-01-16,1.0,10,0.0,0.0,0.010392418775075052,0.010392418775075019,0,0,1.191091278184415
2017-01-13,2017-01-16,2017-01-23,1.0,10,0.4,0.001,-0.002432709859673543,-0.0034302771498139206,2,2,1.1870055049895163
2017-01-20,2017-01-23,2017-01-31,1.0,10,0.6000000000000001,0.0015000000000000002,-0.01388754873760949,-0.015366717414503017,3,3,1.1687651268248829
2017-01-26,2017-01-31,2017-02-06,1.0,10,0.0,0.0,0.0005970617859267114,0.0005970617859267779,0,0,1.169462951818834
2017-02-03,2017-02-06,2017-02-13,1.0,12,0.5000000000000001,0.0012500000000000002,0.01715833728863908,0.015886889367028312,3,1,1.1880420803532181
2017-02-10,2017-02-13,2017-02-20,1.0,12,0.5,0.00125,-0.0024739228563010105,-0.003720830452730639,3,3,1.1836215772015144
2017-02-17,2017-02-20,2017-02-27,1.0,12,0.0,0.0,-0.009558035386041294,-0.009558035386041275,0,0,1.1723084802829404
2017-02-24,2017-02-27,2017-03-06,1.0,12,0.5,0.00125,0.019673424502635106,0.01839883272200682,3,3,1.1938775879102563
2017-03-03,2017-03-06,2017-03-13,1.0,12,0.0,0.0,0.00402873503872736,0.00402873503872736,0,0,1.1986874043806217
2017-03-10,2017-03-13,2017-03-20,1.0,12,0.5,0.00125,0.020790039839859192,0.019514052290059425,3,3,1.2220786530691408
2017-03-17,2017-03-20,2017-03-27,1.0,15,0.6666666666666666,0.0016666666666666666,-0.007339588083605745,-0.008994022103466448,5,2,1.2110872506512624
2017-03-24,2017-03-27,2017-04-03,1.0,15,0.26666666666666666,0.0006666666666666666,0.018599729537324486,0.01792066305096629,2,2,1.232790737195505
2017-03-31,2017-04-03,2017-04-10,1.0,15,0.8,0.002,0.024911486309214536,0.022861663336596116,6,6,1.2609743839937426
2017-04-07,2017-04-10,2017-04-17,1.0,14,0.6666666666666666,0.0016666666666666666,0.0009688546658779432,-0.0006994267585652691,4,5,1.260092424767712
2017-04-14,2017-04-17,2017-04-24,1.0,15,0.6666666666666666,0.0016666666666666666,0.03997420326648244,0.03824091292770504,5,4,1.3082795094641149
2017-04-21,2017-04-24,2017-05-02,1.0,15,0.0,0.0,0.004960201601302172,0.004960201601302172,0,0,1.3147688395819095
2017-04-28,2017-05-02,2017-05-08,1.0,15,0.0,0.0,0.020262493751843864,0.020262493751843857,0,0,1.341409334979057
2017-05-04,2017-05-08,2017-05-15,1.0,15,0.26666666666666666,0.0006666666666666666,0.03113468365982984,0.030447260537389997,2,2,1.3822515744884514
2017-05-12,2017-05-15,2017-05-22,1.0,15,0.0,0.0,-1.8797520630431385e-05,-1.8797520630386977e-05,0,0,1.3822255915859636
2017-05-19,2017-05-22,2017-05-29,1.0,15,0.0,0.0,0.02918169352004715,0.02918169352004707,0,0,1.4225612751751908
2017-05-26,2017-05-29,2017-06-05,1.0,15,0.0,0.0,0.012670154986237995,0.012670154986238025,0,0,1.4405853470090808
2017-06-02,2017-06-05,2017-06-12,1.0,15,0.0,0.0,0.016658718669949,0.016658718669948946,0,0,1.4645836530249559
2017-06-09,2017-06-12,2017-06-19,1.0,15,0.0,0.0,0.020442772469689084,0.020442772469689174,0,0,1.4945238034065713
2017-06-16,2017-06-19,2017-06-26,1.0,15,0.0,0.0,0.001968006765210014,0.0019680067652099176,0,0,1.4974650363624427
2017-06-23,2017-06-26,2017-07-03,1.0,15,0.0,0.0,0.014230842407930525,0.014230842407930488,0,0,1.5187752253063025
2017-06-30,2017-07-03,2017-07-10,1.0,15,0.9333333333333333,0.0023333333333333335,-0.007971122558368907,-0.01028585660573278,7,7,1.5031533211224624
2017-07-07,2017-07-10,2017-07-17,1.0,15,0.0,0.0,0.015471148357508742,0.015471148357508735,0,0,1.5264088291576299
2017-07-14,2017-07-17,2017-07-24,1.0,15,0.26666666666666666,0.0006666666666666666,0.030127775644520634,0.02944102379409097,2,2,1.5713478678163701
2017-07-21,2017-07-24,2017-07-31,1.0,15,0.0,0.0,-0.03767887713517528,-0.03767887713517526,0,0,1.5121412445682976
2017-07-28,2017-07-31,2017-08-07,1.0,15,0.0,0.0,-0.004331400582691532,-0.004331400582691547,0,0,1.5055915551004626
2017-08-04,2017-08-07,2017-08-14,1.0,15,0.4,0.001,-0.012817232728401524,-0.013804415495673128,3,3,1.4848077437070792
2017-08-11,2017-08-14,2017-08-21,1.0,15,0.0,0.0,-0.0037687442768082374,-0.003768744276808289,0,0,1.4792118830208225
2017-08-18,2017-08-21,2017-08-28,1.0,15,0.26666666666666666,0.0006666666666666666,0.0014002002361060528,0.0007326001026151108,2,2,1.480295553798113
2017-08-25,2017-08-28,2017-09-04,1.0,15,0.0,0.0,-0.04419876506268905,-0.04419876506268905,0,0,1.414868318392447
2017-09-01,2017-09-04,2017-09-11,1.0,15,0.0,0.0,-0.02042452094921033,-0.020424520949210323,0,0,1.3859703107830665
2017-09-08,2017-09-11,2017-09-18,1.0,15,0.0,0.0,0.029128337326809417,0.029128337326809417,0,0,1.4263413215204985
2017-09-15,2017-09-18,2017-09-25,1.0,15,0.0,0.0,-0.030695687023702727,-0.030695687023702733,0,0,1.3825587947261309
2017-09-22,2017-09-25,2017-10-10,1.0,15,0.0,0.0,0.03169439467836821,0.0316943946783681,0,0,1.4263781588322297
2017-09-29,2017-10-10,2017-10-16,1.0,15,1.0666666666666667,0.0026666666666666666,0.008327495687006584,0.005638622365174539,8,8,1.4344209666198176
2017-10-13,2017-10-16,2017-10-23,1.0,13,0.4000000000000001,0.0010000000000000002,-0.006289149127253492,-0.007282859978126277,1,3,1.4239742795702368
2017-10-20,2017-10-23,2017-10-30,1.0,15,0.4000000000000001,0.0010000000000000002,0.024807919335311606,0.023783111415976332,3,1,1.4578408185147405
2017-10-27,2017-10-30,2017-11-06,1.0,15,0.26666666666666666,0.0006666666666666666,-0.0062946753312327205,-0.006957145547678567,2,2,1.4476984077549866
2017-11-03,2017-11-06,2017-11-13,1.0,15,0.0,0.0,0.0053743456012209645,0.0053743456012209645,0,0,1.4554788393245992
2017-11-10,2017-11-13,2017-11-20,1.0,15,0.26666666666666666,0.0006666666666666666,0.032934043571437435,0.03224542087572302,2,2,1.5024113670743298
2017-11-17,2017-11-20,2017-11-27,1.0,15,0.9333333333333333,0.0023333333333333335,0.06707346853288879,0.06458363043964543,7,7,1.5994425475737808
2017-11-24,2017-11-27,2017-12-04,1.0,13,0.4000000000000001,0.0010000000000000002,-0.035923911403290716,-0.036887987491887486,1,3,1.5404423308848865
2017-12-01,2017-12-04,2017-12-11,1.0,15,0.4000000000000001,0.0010000000000000002,-0.04129019991737876,-0.042248909717461425,3,1,1.475360321922375
2017-12-08,2017-12-11,2017-12-18,1.0,11,1.0666666666666667,0.0026666666666666666,0.04190801610505444,0.0391295947287742,4,8,1.5330905733981113
2017-12-15,2017-12-18,2017-12-26,1.0,13,0.3076923076923077,0.0007692307692307693,-0.007420570405170601,-0.008184093043320462,2,0,1.5205436175015836
2017-12-22,2017-12-26,2018-01-02,1.0,13,0.0,0.0,0.033683740271413555,0.03368374027141363,0,0,1.5717612137848627
2017-12-28,2018-01-02,2018-01-08,1.0,15,1.2,0.003,0.0036659957508258676,0.0006549977635732507,9,7,1.572790713864763
2018-01-05,2018-01-08,2018-01-15,1.0,15,0.0,0.0,0.03127131413627434,0.031271314136274375,0,0,1.6219739463486431
2018-01-12,2018-01-15,2018-01-22,1.0,15,1.0666666666666667,0.0026666666666666666,0.0052338047131822735,0.0025531812339472104,8,8,1.6261151397904117
2018-01-19,2018-01-22,2018-01-29,1.0,15,0.0,0.0,0.024058344950562673,0.024058344950562693,0,0,1.665236778752822
2018-01-26,2018-01-29,2018-02-05,1.0,15,0.0,0.0,-0.016772854332896468,-0.016772854332896436,0,0,1.6373060048330192
2018-02-02,2018-02-05,2018-02-12,1.0,15,0.6666666666666666,0.0016666666666666666,0.009933342977083497,0.008250120738788391,5,5,1.650813977059235
2018-02-09,2018-02-12,2018-02-19,1.0,15,1.0666666666666667,0.0026666666666666666,0.01148029669037675,0.008783015899202162,8,8,1.6653131024663714
2018-02-14,2018-02-19,2018-02-26,1.0,15,0.4,0.001,-0.00996547468013876,-0.010955509205458624,3,3,1.6470687494423302
2018-02-23,2018-02-26,2018-03-05,1.0,15,0.6666666666666666,0.0016666666666666666,-0.029432791150127608,-0.031050403164877505,5,5,1.5959266007318753
2018-03-02,2018-03-05,2018-03-12,1.0,15,0.4,0.001,0.021799178293071906,0.02077737911477895,3,3,1.629085772754642
2018-03-09,2018-03-12,2018-03-19,1.0,15,0.4,0.001,-0.0037096357222523727,-0.004705926086530088,3,3,1.6214194155194408
2018-03-16,2018-03-19,2018-03-26,1.0,15,0.0,0.0,-0.08525322118615808,-0.08525322118615808,0,0,1.4831881874526307
2018-03-23,2018-03-26,2018-04-02,1.0,15,0.4,0.001,0.05691154610103196,0.05585463455493089,3,3,1.5660311216389877
2018-03-30,2018-04-02,2018-04-09,1.0,15,1.4666666666666666,0.0036666666666666666,-0.02850375302434367,-0.0320659059299212,11,11,1.5158149150091829
2018-04-06,2018-04-09,2018-04-16,1.0,15,0.0,0.0,0.016031217194320997,0.0160312171943211,0,0,1.5401152731380865
2018-04-13,2018-04-16,2018-04-23,1.0,15,0.0,0.0,0.009838260392846276,0.009838260392846188,0,0,1.5552673282302185
2018-04-20,2018-04-23,2018-04-30,1.0,15,0.0,0.0,-0.018263408250445107,-0.018263408250445146,0,0,1.526862846076171
2018-04-27,2018-04-30,2018-05-08,1.0,15,0.0,0.0,-0.010826699219916629,-0.010826699219916636,0,0,1.5103319612916384
2018-05-04,2018-05-08,2018-05-14,1.0,15,0.4,0.001,0.01212487391826705,0.01111274904434878,3,3,1.5271159013511315
2018-05-11,2018-05-14,2018-05-21,1.0,15,0.4,0.001,0.029348440000662012,0.02831909156066148,3,3,1.5703624363852362
2018-05-18,2018-05-21,2018-05-28,1.0,15,0.0,0.0,-0.0016712050701816435,-0.0016712050701815917,0,0,1.5677380387195265
2018-05-25,2018-05-28,2018-06-04,1.0,15,0.0,0.0,-0.00013299527157944652,-0.00013299527157939472,0,0,1.5675295369733018
2018-06-01,2018-06-04,2018-06-11,1.0,15,0.26666666666666666,0.0006666666666666666,0.01097444171993418,0.0103004587587876,2,2,1.5836758103220767
2018-06-08,2018-06-11,2018-06-18,1.0,15,0.6666666666666666,0.0016666666666666666,-0.018377970577909835,-0.020014007293613356,5,5,1.5519801111035716
2018-06-15,2018-06-18,2018-06-25,1.0,13,0.2666666666666667,0.0006666666666666669,-0.024380709674794228,-0.025031122535011052,0,2,1.513132306770638
2018-06-22,2018-06-25,2018-07-02,1.0,13,0.46153846153846156,0.001153846153846154,-0.013300663473873887,-0.014439162708327125,3,3,1.4912839431939504
2018-06-29,2018-07-02,2018-07-09,1.0,15,1.0666666666666667,0.0026666666666666666,0.010606139407030524,0.007911189701945043,8,6,1.5030817733680224
2018-07-06,2018-07-09,2018-07-16,1.0,14,0.2666666666666666,0.0006666666666666665,0.02255622460583354,0.02187452045609617,1,2,1.5359609663667466
2018-07-13,2018-07-16,2018-07-23,1.0,15,0.2666666666666666,0.0006666666666666665,-0.03663150110379453,-0.03727374676972539,2,1,1.4787099462582098
2018-07-20,2018-07-23,2018-07-30,1.0,15,0.0,0.0,-0.0017238092334168175,-0.001723809233416862,0,0,1.4761609323993046
2018-07-27,2018-07-30,2018-08-06,1.0,15,0.0,0.0,0.003973072552463138,0.003973072552463153,0,0,1.4820258268828386
2018-08-03,2018-08-06,2018-08-13,1.0,15,0.0,0.0,-0.030064891668431102,-0.03006489166843107,0,0,1.4374688809477891
2018-08-10,2018-08-13,2018-08-20,1.0,15,0.0,0.0,0.006557742825028205,0.006557742825028301,0,0,1.4468954321880259
2018-08-17,2018-08-20,2018-08-27,1.0,15,0.0,0.0,-0.0016213485401201562,-0.0016213485401201932,0,0,1.4445495103913413
2018-08-24,2018-08-27,2018-09-03,1.0,15,0.0,0.0,0.015035980760338059,0.015035980760337964,0,0,1.466269729036941
2018-08-31,2018-09-03,2018-09-10,1.0,15,0.26666666666666666,0.0006666666666666666,-0.027843374892761303,-0.02849147930949958,2,2,1.4244935353899395
2018-09-07,2018-09-10,2018-09-17,1.0,15,0.0,0.0,0.009843518836992882,0.00984351883699297,0,0,1.438515564338725
2018-09-14,2018-09-17,2018-09-27,1.0,15,0.0,0.0,-0.02238540017250616,-0.02238540017250612,0,0,1.4063138177766243
2018-09-21,2018-09-27,2018-10-01,1.0,15,0.4,0.001,0.01554495521343476,0.014529410258221409,3,3,1.4267467281869066
2018-09-28,2018-10-01,2018-10-08,1.0,15,1.0666666666666667,0.0026666666666666666,-0.03864282928829752,-0.041206448410195495,8,8,1.3679555627374576
2018-10-05,2018-10-08,2018-10-15,1.0,15,0.0,0.0,-0.0446760519708287,-0.04467605197082869,0,0,1.3068407089228147
2018-10-12,2018-10-15,2018-10-22,1.0,15,0.0,0.0,-0.00369548496365677,-0.003695484963656792,0,0,1.3020112987330958
2018-10-19,2018-10-22,2018-10-29,1.0,15,0.0,0.0,-0.06774407392781165,-0.06774407392781168,0,0,1.2138077490568748
2018-10-26,2018-10-29,2018-11-05,1.0,15,0.0,0.0,0.005682117138905333,0.005682117138905429,0,0,1.2207047468711272
2018-11-02,2018-11-05,2018-11-12,1.0,15,0.0,0.0,-0.04158074760406084,-0.04158074760406083,0,0,1.1699469308924
2018-11-09,2018-11-12,2018-11-19,1.0,15,0.0,0.0,0.029736420781766002,0.029736420781766082,0,0,1.204736965121752
2018-11-16,2018-11-19,2018-11-26,1.0,15,0.26666666666666666,0.0006666666666666666,0.01731653814073273,0.016638327115305662,2,2,1.2247817728353485
2018-11-23,2018-11-26,2018-12-03,1.0,15,0.0,0.0,0.024234919656447994,0.024234919656447973,0,0,1.2544642606966951
2018-11-30,2018-12-03,2018-12-10,1.0,15,0.0,0.0,-0.050298921126311395,-0.0502989211263114,0,0,1.1913660617921356
2018-12-07,2018-12-10,2018-12-17,1.0,15,0.26666666666666666,0.0006666666666666666,0.006581880566346498,0.005910825979302148,2,2,1.1984080192610354
2018-12-14,2018-12-17,2018-12-24,1.0,15,0.26666666666666666,0.0006666666666666666,-0.015829346513743302,-0.016485460282734232,2,2,1.1786517114569974
2018-12-21,2018-12-24,2019-01-02,1.0,15,0.26666666666666666,0.0006666666666666666,0.009075771796166542,0.00840305461496893,2,2,1.1885559861603971
2018-12-28,2019-01-02,2019-01-07,1.0,11,1.6,0.004,-0.0007969634013591823,-0.004793775547753731,8,12,1.182858315536805
2019-01-04,2019-01-07,2019-01-14,1.0,13,0.3076923076923077,0.0007692307692307693,-0.003817743492553363,-0.0045840375360206576,2,0,1.1774360486185902
2019-01-11,2019-01-14,2019-01-21,1.0,9,0.6153846153846153,0.0015384615384615382,-0.006994442378092535,-0.008522143235972335,0,4,1.1674017699610653
2019-01-18,2019-01-21,2019-01-28,1.0,9,0.0,0.0,0.012947954973614414,0.01294795497361445,0,0,1.182517235514639
2019-01-25,2019-01-28,2019-02-07,1.0,9,0.0,0.0,0.020058721192480065,0.02005872119248009,0,0,1.2062370190471294
2019-02-01,2019-02-07,2019-02-11,1.0,9,0.0,0.0,0.023395705614491828,0.02339570561449178,0,0,1.234457785246058
2019-02-08,2019-02-11,2019-02-18,1.0,9,0.0,0.0,0.04631662444421081,0.04631662444421081,0,0,1.291633702877532
2019-02-15,2019-02-18,2019-02-25,1.0,9,0.0,0.0,0.009435304961935552,0.009435304961935564,0,0,1.3038206607632956
2019-02-22,2019-02-25,2019-03-04,1.0,9,0.0,0.0,0.015396332386480896,0.015396332386480971,0,0,1.3238947170287685
2019-02-28,2019-03-04,2019-03-11,1.0,9,0.0,0.0,0.00874752313294659,0.008747523132946577,0,0,1.3354755166915635
2019-03-08,2019-03-11,2019-03-18,1.0,9,0.0,0.0,0.009395002743986056,0.00939500274398597,0,0,1.3480223128354067
2019-03-15,2019-03-18,2019-03-25,1.0,9,0.0,0.0,-0.03636305872032581,-0.03636305872032586,0,0,1.2990040983174633
2019-03-22,2019-03-25,2019-04-01,1.0,9,0.0,0.0,-0.004253907567173217,-0.004253907567173254,0,0,1.2934782549538415
2019-03-29,2019-04-01,2019-04-08,1.0,10,1.4,0.0034999999999999996,-0.012319634335915309,-0.01577651561573956,7,6,1.2730716750659428
2019-04-05,2019-04-08,2019-04-15,1.0,10,0.0,0.0,0.040920315374615004,0.040920315374614935,0,0,1.3251661695041304
2019-04-12,2019-04-15,2019-04-22,1.0,10,0.6000000000000001,0.0015000000000000002,-0.007158765407914857,-0.008648027259802848,3,3,1.3137060963464902
2019-04-19,2019-04-22,2019-04-29,1.0,10,0.0,0.0,-0.007212839269561766,-0.007212839269561733,0,0,1.3042305454260996
2019-04-26,2019-04-29,2019-05-07,1.0,10,1.0,0.0025,0.0080901378199561,0.00556991247540628,5,5,1.3114949954118744
2019-05-03,2019-05-07,2019-05-13,1.0,10,0.0,0.0,-0.018531083676610206,-0.01853108367661016,0,0,1.2871915719104414
2019-05-10,2019-05-13,2019-05-20,1.0,10,1.0,0.0025,-0.02081874172377348,-0.023266694869463977,5,5,1.2572428783682554
2019-05-17,2019-05-20,2019-05-27,1.0,10,1.0,0.0025,-0.028819842276249886,-0.031247792670559216,5,5,1.217956813568467
2019-05-24,2019-05-27,2019-06-03,1.0,10,0.0,0.0,0.0011619091554338269,0.0011619091554337935,0,0,1.2193719687410753
2019-05-31,2019-06-03,2019-06-10,1.0,10,0.0,0.0,0.01521267315803474,0.01521267315803465,0,0,1.2379218759596025
2019-06-07,2019-06-10,2019-06-17,1.0,10,0.0,0.0,0.011597120521804815,0.011597120521804838,0,0,1.2522782051516848
2019-06-14,2019-06-17,2019-06-24,1.0,10,0.0,0.0,-0.00985191021993086,-0.009851910219930815,0,0,1.2399408727041543
2019-06-21,2019-06-24,2019-07-01,1.0,10,0.6000000000000001,0.0015000000000000002,-0.015603590160518266,-0.017080184775277396,3,3,1.2187624534879486
2019-06-28,2019-07-01,2019-07-08,1.0,8,1.4,0.0034999999999999996,-0.002707244206398937,-0.006197768851676444,5,7,1.2112088455161283
2019-07-05,2019-07-08,2019-07-15,1.0,8,0.0,0.0,-0.007059922953021144,-0.007059922953021158,0,0,1.2026578043867666
2019-07-12,2019-07-15,2019-07-22,1.0,8,0.75,0.001875,-0.00802567236574779,-0.009885624230062007,3,3,1.1907687812552477
2019-07-19,2019-07-22,2019-07-29,1.0,8,0.75,0.001875,-0.027561034415879204,-0.029384357476349376,3,3,1.1557788057151666
2019-07-26,2019-07-29,2019-08-05,1.0,8,0.75,0.001875,0.01181060861848697,0.009913463727327487,3,3,1.1672365769824378
2019-08-02,2019-08-05,2019-08-12,1.0,8,0.75,0.001875,-0.030272029370476114,-0.03209026931540648,3,3,1.1297796408722782
2019-08-09,2019-08-12,2019-08-19,1.0,8,0.0,0.0,0.00353249991462512,0.00353249991462512,0,0,1.1337705873572048
2019-08-16,2019-08-19,2019-08-26,1.0,8,0.0,0.0,-0.02344149794648348,-0.023441497946483425,0,0,1.1071933064618875
2019-08-23,2019-08-26,2019-09-02,1.0,8,0.0,0.0,0.009225170446524558,0.009225170446524489,0,0,1.1174073534312494
2019-08-30,2019-09-02,2019-09-09,1.0,8,0.0,0.0,0.018341360882152685,0.01834136088215277,0,0,1.137902124952903
2019-09-06,2019-09-09,2019-09-16,1.0,8,0.0,0.0,0.009043240259261662,0.009043240259261731,0,0,1.1481924472603766
2019-09-11,2019-09-16,2019-09-23,1.0,8,0.0,0.0,0.026521879876065982,0.026521879876066023,0,0,1.1786446694212227
2019-09-20,2019-09-23,2019-09-30,1.0,8,0.0,0.0,-0.01627013012127533,-0.016270130121275317,0,0,1.159467967282992
2019-09-27,2019-09-30,2019-10-07,1.0,8,0.0,0.0,-0.017973611277583776,-0.01797361127758379,0,0,1.1386281407502372
2019-10-04,2019-10-07,2019-10-14,1.0,9,1.3333333333333333,0.003333333333333333,0.012755416797764116,0.009379565408438317,6,5,1.1493079778722926
2019-10-11,2019-10-14,2019-10-21,1.0,9,0.0,0.0,0.026566300021587084,0.026566300021586997,0,0,1.1798408384296513
2019-10-18,2019-10-21,2019-10-28,1.0,9,0.0,0.0,0.014582838017318547,0.014582838017318522,0,0,1.1970462662626882
2019-10-25,2019-10-28,2019-11-04,1.0,9,1.1111111111111112,0.002777777777777778,-0.0406906173343813,-0.043355365619563546,5,5,1.1451478877253358
2019-11-01,2019-11-04,2019-11-11,1.0,9,0.0,0.0,-0.015392714403702292,-0.015392714403702268,0,0,1.127520953339577
2019-11-08,2019-11-11,2019-11-18,1.0,9,0.6666666666666666,0.0016666666666666666,0.032520905940387305,0.03080003776382001,3,3,1.1622486412819342
2019-11-15,2019-11-18,2019-11-25,1.0,9,0.6666666666666666,0.0016666666666666666,-0.020267647654957824,-0.02190053490886623,3,3,1.136794774340757
2019-11-22,2019-11-25,2019-12-02,1.0,11,0.36363636363636354,0.0009090909090909089,-0.008929977697089838,-0.009830950444637887,2,0,1.1256190012484897
2019-11-29,2019-12-02,2019-12-09,1.0,11,0.0,0.0,0.02792454864751852,0.027924548647518588,0,0,1.1570514038074244
2019-12-06,2019-12-09,2019-12-16,1.0,10,0.5454545454545455,0.0013636363636363637,0.023947778093535398,0.022551485668862448,2,3,1.1831446319585248
2019-12-13,2019-12-16,2019-12-23,1.0,15,1.0666666666666667,0.0026666666666666666,0.030160387669625952,0.027413293302506858,8,3,1.2155785227736904
2019-12-20,2019-12-23,2019-12-30,1.0,15,0.0,0.0,0.008280558856921324,0.00828055885692125,0,0,1.2256441922767274
2019-12-27,2019-12-30,2020-01-06,1.0,15,0.26666666666666666,0.0006666666666666666,-0.04397596988174287,-0.0446133192351551,2,2,1.170964136657972
2020-01-03,2020-01-06,2020-01-13,1.0,15,1.0666666666666667,0.0026666666666666666,0.02912452072722677,0.02638018867195413,8,8,1.201854391511101
2020-01-10,2020-01-13,2020-01-20,1.0,15,0.26666666666666666,0.0006666666666666666,0.026546779108799996,0.0258624145893942,2,2,1.2329372480604452
2020-01-17,2020-01-20,2020-01-28,1.0,15,0.4,0.001,-0.022485955095017666,-0.0234634691399227,3,3,1.2040082629891178
2020-01-23,2020-01-28,2020-02-03,1.0,11,0.6666666666666667,0.001666666666666667,-0.03617303759041643,-0.03777941586109912,1,5,1.1585215341214523
2020-01-31,2020-02-03,2020-02-10,1.0,13,0.3076923076923077,0.0007692307692307693,0.02465251652784008,0.02386432228435731,2,0,1.1861688653850948
2020-02-07,2020-02-10,2020-02-17,1.0,11,0.7692307692307693,0.0019230769230769232,0.0325669142289557,0.030581208624669287,3,5,1.2224433429215236
2020-02-14,2020-02-17,2020-02-24,1.0,13,0.46153846153846156,0.001153846153846154,-0.027923090958138677,-0.02904471816087939,3,1,1.1869378205587247
2020-02-21,2020-02-24,2020-03-02,1.0,9,0.7692307692307692,0.001923076923076923,-0.06823500525653993,-0.07002686101566191,1,5,1.1038202907642263
2020-02-28,2020-03-02,2020-03-09,1.0,9,0.0,0.0,0.006670944177092057,0.00667094417709202,0,0,1.111183814305456
2020-03-06,2020-03-09,2020-03-16,1.0,11,0.5454545454545454,0.0013636363636363635,-0.07587613087533317,-0.07713629978777592,3,1,1.025471206485866
2020-03-13,2020-03-16,2020-03-23,1.0,13,0.3076923076923077,0.0007692307692307693,-0.1568847772028094,-0.1575333273741919,2,0,0.8639253152017206
2020-03-20,2020-03-23,2020-03-30,1.0,9,0.7692307692307692,0.001923076923076923,0.09722262868073317,0.09511258516403953,1,5,0.946095485319214
2020-03-27,2020-03-30,2020-04-06,1.0,13,0.7692307692307692,0.001923076923076923,0.10548588879580124,0.10335995439427093,5,1,1.0438838715344336
2020-04-03,2020-04-06,2020-04-13,1.0,11,1.2307692307692308,0.0030769230769230774,0.08079434952927983,0.07746882845380498,6,8,1.1247523321040285
2020-04-10,2020-04-13,2020-04-20,1.0,12,0.5,0.00125,0.043365008450451915,0.042060802189888946,3,2,1.1720603174572723
2020-04-17,2020-04-20,2020-04-27,1.0,15,0.6666666666666666,0.0016666666666666666,0.017115732912702394,0.015420540024514429,5,2,1.1901341204937672
2020-04-24,2020-04-27,2020-05-04,1.0,15,0.5333333333333333,0.0013333333333333333,0.0004889405132758226,-0.0008450447407418737,4,4,1.1891284039144665
2020-04-29,2020-05-04,2020-05-11,1.0,12,0.9333333333333332,0.002333333333333333,0.08645734340572764,0.08392227627111426,4,7,1.2889227663496055
2020-05-08,2020-05-11,2020-05-18,1.0,15,0.6666666666666666,0.0016666666666666666,0.05361671651223485,0.05186068865138105,5,2,1.355767188630939
2020-05-15,2020-05-18,2020-05-25,1.0,14,0.6666666666666666,0.0016666666666666666,0.0008373145029765351,-0.0008307476878618436,4,5,1.3546408881737049
2020-05-22,2020-05-25,2020-06-01,1.0,15,0.39999999999999997,0.001,0.016714208449306187,0.015697494240856757,3,2,1.3759053557142407
2020-05-29,2020-06-01,2020-06-08,1.0,15,0.0,0.0,0.04608047577236223,0.046080475772362295,0,0,1.4393077291232943
2020-06-05,2020-06-08,2020-06-15,1.0,15,0.0,0.0,0.006341959018911983,0.006341959018911991,0,0,1.4484357597569975
2020-06-12,2020-06-15,2020-06-22,1.0,14,0.39999999999999997,0.001,0.016532642983833144,0.01551611034084921,2,3,1.4709098488270187
2020-06-19,2020-06-22,2020-06-29,1.0,14,0.0,0.0,0.0014823381801006602,0.001482338180100573,0,0,1.4730902346554209
2020-06-26,2020-06-29,2020-07-06,1.0,12,0.2857142857142857,0.0007142857142857143,0.03645393937017752,0.03571361512777016,0,2,1.5256996123443811
2020-07-03,2020-07-06,2020-07-13,1.0,14,1.0,0.0025,0.034833040773907316,0.03224595817197251,7,5,1.5748972582270326
2020-07-10,2020-07-13,2020-07-20,1.0,14,0.0,0.0,-0.03617894011847963,-0.03617894011847966,0,0,1.5179191446288791
2020-07-17,2020-07-20,2020-07-27,1.0,14,0.0,0.0,0.028713382547834287,0.028713382547834287,0,0,1.5615037377052896
2020-07-24,2020-07-27,2020-08-03,1.0,12,0.2857142857142857,0.0007142857142857143,0.044484682352577305,0.043738621865182736,0,2,1.6298017592298508
2020-07-31,2020-08-03,2020-08-10,1.0,14,0.2857142857142857,0.0007142857142857143,0.04341910297019845,0.04267380361093398,2,0,1.6993515994279802
2020-08-07,2020-08-10,2020-08-18,1.0,14,0.0,0.0,-0.024446222539232447,-0.024446222539232454,0,0,1.6578088720559632
2020-08-14,2020-08-18,2020-08-24,1.0,12,0.7142857142857142,0.0017857142857142854,-0.03156997725666715,-0.033299316582994454,3,5,1.6026049695912747
2020-08-21,2020-08-24,2020-08-31,1.0,14,0.7142857142857142,0.0017857142857142854,0.021487871896854933,0.019663786411324935,5,3,1.6341182514150454
2020-08-28,2020-08-31,2020-09-07,1.0,14,0.0,0.0,0.001656463488672964,0.0016564634886728768,0,0,1.6368251086346883
2020-09-04,2020-09-07,2020-09-14,1.0,14,0.0,0.0,-0.005161701895182692,-0.005161701895182724,0,0,1.628376305369366
2020-09-11,2020-09-14,2020-09-21,1.0,14,0.0,0.0,-0.020787725721664208,-0.020787725721664208,0,0,1.5945260653616908
2020-09-18,2020-09-21,2020-09-28,1.0,15,0.39999999999999997,0.001,-0.07719315237843333,-0.07811595922605485,3,2,1.4699681322550153
2020-09-25,2020-09-28,2020-10-05,1.0,14,0.6666666666666666,0.0016666666666666666,0.04424046055174456,0.04250005978415827,4,5,1.532441865756661
2020-09-29,2020-10-05,2020-10-12,1.0,12,1.1428571428571428,0.002857142857142857,0.019641408538213067,0.016728147370961066,6,8,1.558076779124469
2020-10-08,2020-10-12,2020-10-19,1.0,12,0.0,0.0,-0.03610964843835202,-0.03610964843835207,0,0,1.5018151743903245
2020-10-16,2020-10-19,2020-10-26,1.0,14,0.2857142857142857,0.0007142857142857143,-0.0021078211182711487,-0.0028206012460437746,2,0,1.4975791526381117
2020-10-23,2020-10-26,2020-11-02,1.0,14,0.0,0.0,-0.046406425503832005,-0.046406425503832005,0,0,1.4280818572551193
2020-10-30,2020-11-02,2020-11-09,1.0,14,0.0,0.0,0.04386426670548003,0.04386426670548005,0,0,1.490723620719015
2020-11-06,2020-11-09,2020-11-16,1.0,14,0.0,0.0,0.008313842240931664,0.00831384224093168,0,0,1.5031172617265034
2020-11-13,2020-11-16,2020-11-23,1.0,14,0.0,0.0,0.029652678357219908,0.029652678357219964,0,0,1.5476887144216647
2020-11-20,2020-11-23,2020-11-30,1.0,14,0.0,0.0,-0.01385930468889518,-0.01385930468889518,0,0,1.5262388249649304
2020-11-27,2020-11-30,2020-12-07,1.0,14,0.0,0.0,-0.00960095815635918,-0.009600958156359196,0,0,1.5115854698698312
2020-12-04,2020-12-07,2020-12-14,1.0,14,0.0,0.0,0.016379847446851892,0.016379847446851947,0,0,1.536345009269177
2020-12-11,2020-12-14,2020-12-21,1.0,14,0.0,0.0,0.03233064941143398,0.03233064941143393,0,0,1.586016041138865
2020-12-18,2020-12-21,2020-12-28,1.0,14,0.0,0.0,-0.0030859466756771236,-0.003085946675677076,0,0,1.5811216802091421
2020-12-24,2020-12-28,2021-01-04,1.0,14,0.0,0.0,0.014096869015552262,0.014096869015552294,0,0,1.6034105454327003
2020-12-30,2021-01-04,2021-01-11,1.0,13,1.0,0.0025,0.021437792207680897,0.018884197727161878,6,7,1.633689667210468
2021-01-08,2021-01-11,2021-01-18,1.0,13,0.0,0.0,0.014685844684053385,0.014685844684053428,0,0,1.6576817799250638
2021-01-15,2021-01-18,2021-01-25,1.0,13,0.0,0.0,0.06169139959420528,0.06169139959420522,0,0,1.7599464890104544
2021-01-22,2021-01-25,2021-02-01,1.0,15,0.4000000000000001,0.0010000000000000002,-0.044858930453257236,-0.045814071522804034,3,1,1.6793161746866216
2021-01-29,2021-02-01,2021-02-08,1.0,15,0.0,0.0,0.0874332672336641,0.08743326723366418,0,0,1.8261442745578118
2021-02-05,2021-02-08,2021-02-15,1.0,15,0.0,0.0,0.030313636376638302,0.03031363637663831,0,0,1.8815013480680374
2021-02-10,2021-02-15,2021-02-22,1.0,15,0.26666666666666666,0.0006666666666666666,0.025409677347429684,0.02472607089586476,2,2,1.9280234837910328
2021-02-19,2021-02-22,2021-03-02,1.0,15,0.26666666666666666,0.0006666666666666666,-0.0020233729504564035,-0.00268869070182276,2,2,1.922839624977268
2021-02-26,2021-03-02,2021-03-08,1.0,15,0.5333333333333333,0.0013333333333333333,-0.003436642204715934,-0.004765393348442948,4,4,1.9136765378182787
2021-03-05,2021-03-08,2021-03-15,1.0,15,0.0,0.0,0.001597478564902747,0.0015974785649026657,0,0,1.9167335950676005
2021-03-12,2021-03-15,2021-03-22,1.0,13,0.4000000000000001,0.0010000000000000002,0.04107416144887733,0.040033087287428604,1,3,1.9934663583856886
2021-03-19,2021-03-22,2021-03-29,1.0,15,0.9333333333333333,0.0023333333333333335,0.040196655985289625,0.03776953045465725,7,5,2.0687586467190715
2021-03-26,2021-03-29,2021-04-05,1.0,9,0.9333333333333332,0.002333333333333333,-0.0018441181217548033,-0.004173148512804037,1,7,2.0601254096491655
2021-04-02,2021-04-05,2021-04-12,1.0,9,1.7777777777777777,0.0044444444444444444,0.01828375397818032,0.01375804840494399,8,8,2.0884687147553738
2021-04-09,2021-04-12,2021-04-19,1.0,9,0.0,0.0,0.03150098298456997,0.03150098298457005,0,0,2.15425753220269
2021-04-16,2021-04-19,2021-04-26,1.0,7,1.1111111111111112,0.002777777777777778,0.005304449359499871,0.00251193700016783,3,5,2.15966889140572
2021-04-23,2021-04-26,2021-05-03,1.0,12,1.6666666666666665,0.004166666666666667,-0.004737345483692747,-0.008884273210844063,10,5,2.1404818029295107
2021-04-30,2021-05-03,2021-05-10,1.0,15,0.6666666666666666,0.0016666666666666666,0.044444352305345616,0.042703611718170054,5,2,2.231888106731621
2021-05-07,2021-05-10,2021-05-17,1.0,15,0.5333333333333333,0.0013333333333333333,-0.03271595662934526,-0.034005668687172697,4,4,2.1559912592272643
2021-05-14,2021-05-17,2021-05-24,1.0,15,0.0,0.0,-0.01790238582197794,-0.017902385821977895,0,0,2.1173938718757657
2021-05-21,2021-05-24,2021-05-31,1.0,15,0.0,0.0,0.02466040262650117,0.024660402626501154,0,0,2.1696096572751085
2021-05-28,2021-05-31,2021-06-07,1.0,15,0.26666666666666666,0.0006666666666666666,0.02471924691854501,0.0240361007539327,2,2,2.2217586135940786
2021-06-04,2021-06-07,2021-06-14,1.0,15,0.0,0.0,-0.024030057820687026,-0.024030057820687012,0,0,2.1683696256458034
2021-06-11,2021-06-14,2021-06-21,1.0,15,0.5333333333333333,0.0013333333333333333,0.004752195827129091,0.0034125262326929473,4,4,2.1757692438754943
2021-06-18,2021-06-21,2021-06-28,1.0,15,0.0,0.0,0.035570066601858866,0.035570066601858796,0,0,2.2531615007904215
2021-06-25,2021-06-28,2021-07-05,1.0,15,0.26666666666666666,0.0006666666666666666,0.010193628699967405,0.009520166280833964,2,2,2.27461197293552
2021-07-02,2021-07-05,2021-07-12,1.0,11,1.6,0.004,-0.014847703958203078,-0.018788313142370283,8,12,2.2318758509106225
2021-07-09,2021-07-12,2021-07-19,1.0,10,0.9090909090909092,0.002272727272727273,0.02460107306560414,0.02227243426318215,4,5,2.281585159083613
2021-07-16,2021-07-19,2021-07-26,1.0,10,0.6000000000000001,0.0015000000000000002,0.03924469492930395,0.037685827886910106,3,3,2.3675685846981667
2021-07-23,2021-07-26,2021-08-02,1.0,10,0.0,0.0,0.008794439062830683,0.008794439062830728,0,0,2.388390022343367
2021-07-30,2021-08-02,2021-08-09,1.0,10,0.0,0.0,-0.003287900814278233,-0.0032879008142782107,0,0,2.38053723284409
2021-08-06,2021-08-09,2021-08-17,1.0,10,0.0,0.0,-0.005190665353589674,-0.005190665353589696,0,0,2.3681806607066362
2021-08-13,2021-08-17,2021-08-23,1.0,10,0.0,0.0,-0.04641784024634317,-0.04641784024634321,0,0,2.258254829123476
2021-08-20,2021-08-23,2021-08-30,1.0,8,0.8,0.002,0.04432032172510478,0.04223168108165454,2,4,2.353624726868125
2021-08-27,2021-08-30,2021-09-06,1.0,9,0.22222222222222227,0.0005555555555555557,0.02096860060402164,0.020401395825908386,1,0,2.4016419565466074
2021-09-03,2021-09-06,2021-09-13,1.0,10,0.5999999999999999,0.0014999999999999996,0.05276779973499242,0.05118864803539003,3,2,2.524578761367297
2021-09-10,2021-09-13,2021-09-23,1.0,9,0.5999999999999999,0.0014999999999999996,-0.007979121557920034,-0.009467152875583085,2,3,2.5006781882869826
2021-09-17,2021-09-23,2021-09-27,1.0,9,0.0,0.0,0.004451613484662115,0.004451613484662165,0,0,2.5118102410307617
2021-09-24,2021-09-27,2021-10-05,1.0,9,0.0,0.0,-0.008759467367529701,-0.00875946736752975,0,0,2.4898081211910257
2021-10-01,2021-10-05,2021-10-12,1.0,9,1.3333333333333333,0.003333333333333333,0.0036785032462575635,0.0003329082354368573,6,6,2.4906369988192276
2021-10-08,2021-10-12,2021-10-18,1.0,9,0.0,0.0,0.018592898899085872,0.018592898899085775,0,0,2.536945160732596
2021-10-15,2021-10-18,2021-10-25,1.0,9,0.0,0.0,-0.00333876043258996,-0.00333876043258996,0,0,2.528474908610291
2021-10-22,2021-10-25,2021-11-01,1.0,9,0.0,0.0,-0.03676127342029353,-0.03676127342029356,0,0,2.4355249511585164
2021-10-29,2021-11-01,2021-11-08,1.0,9,0.0,0.0,-0.007610643268673667,-0.007610643268673667,0,0,2.416989039583295
2021-11-05,2021-11-08,2021-11-15,1.0,9,0.0,0.0,0.01881580332592334,0.018815803325923364,0,0,2.4624666299930067
2021-11-12,2021-11-15,2021-11-22,1.0,9,0.0,0.0,-0.01364531166278344,-0.013645311662783488,0,0,2.428865505367548
2021-11-19,2021-11-22,2021-11-29,1.0,10,0.5999999999999999,0.0014999999999999996,-0.04524759149733002,-0.04667972011008403,3,2,2.315486743391953
2021-11-26,2021-11-29,2021-12-06,1.0,10,0.0,0.0,0.041354823326697265,0.041354823326697154,0,0,2.4112432885802364
2021-12-03,2021-12-06,2021-12-13,1.0,10,0.0,0.0,0.03442961245526642,0.03442961245526632,0,0,2.494261460541416
2021-12-10,2021-12-13,2021-12-20,1.0,10,0.6000000000000001,0.0015000000000000002,-3.6397192617854125e-05,-0.001536342596828888,3,3,2.4904294204119575
2021-12-17,2021-12-20,2021-12-27,1.0,10,0.6000000000000001,0.0015000000000000002,0.006858958068217369,0.005348669631115133,3,3,2.5037499046213507
2021-12-24,2021-12-27,2022-01-03,1.0,10,0.0,0.0,-0.019216694288032077,-0.019216694288032077,0,0,2.4556361081305527
2021-12-30,2022-01-03,2022-01-10,1.0,9,1.4,0.0034999999999999996,0.03599326603010734,0.03236728959900215,6,7,2.535118393192181
2022-01-07,2022-01-10,2022-01-17,1.0,8,0.8888888888888888,0.0022222222222222222,0.016812625092564704,0.014553041481247808,3,4,2.572012076328181
2022-01-14,2022-01-17,2022-01-24,1.0,8,0.5,0.00125,-0.044932182620943756,-0.04612601739266753,2,2,2.4533754025613166
2022-01-21,2022-01-24,2022-02-03,1.0,10,0.39999999999999997,0.001,0.007061257877164273,0.006054196619287078,2,0,2.4682286196293455
2022-01-28,2022-02-03,2022-02-07,1.0,8,0.39999999999999997,0.001,0.005405136086292464,0.004399730950206182,0,2,2.4790881614793134
2022-02-04,2022-02-07,2022-02-14,1.0,8,0.5,0.00125,-0.01765663103918727,-0.018884560250388205,2,2,2.4322716717278334
2022-02-11,2022-02-14,2022-02-21,1.0,8,0.75,0.001875,-0.013353134180972018,-0.01520309705438272,3,3,2.3952936094399293
2022-02-18,2022-02-21,2022-02-28,1.0,8,0.0,0.0,-0.0011581704833650702,-0.001158170483365084,0,0,2.392519451082483
2022-02-25,2022-02-28,2022-03-07,1.0,8,0.75,0.001875,-0.011830011100286836,-0.013682829829473775,3,3,2.3597830145696155
2022-03-04,2022-03-07,2022-03-14,1.0,8,0.75,0.001875,-0.007433341979832225,-0.009294404463620065,3,3,2.3378502367858247
2022-03-11,2022-03-14,2022-03-21,1.0,8,0.0,0.0,0.033270501260176055,0.033270501260175944,0,0,2.41563168603491
2022-03-18,2022-03-21,2022-03-28,1.0,8,1.25,0.003125,0.02414430791186553,0.02094385694964096,5,5,2.4662243305102454
2022-03-25,2022-03-28,2022-04-04,1.0,8,0.5,0.00125,-0.011771123522597501,-0.013006409618194215,2,2,2.4341476066572723
2022-04-01,2022-04-04,2022-04-11,1.0,10,1.6,0.004,-0.00543349317357048,-0.009411759200876224,8,6,2.411237995524025
2022-04-08,2022-04-11,2022-04-18,1.0,10,1.6,0.004,-0.01716590794997692,-0.021097244318177055,8,8,2.360367518423183
2022-04-15,2022-04-18,2022-04-25,1.0,6,1.0,0.0025,-0.046772776756703695,-0.04915584481481183,1,5,2.2443416589816505
2022-04-22,2022-04-25,2022-05-02,1.0,10,1.0,0.0025,0.0009272245028657089,-0.0015750935583913606,5,1,2.240806610891759
2022-04-29,2022-05-02,2022-05-09,1.0,8,1.0,0.0025,0.021386123815996222,0.018832658506456212,3,5,2.283006956573693
2022-05-06,2022-05-09,2022-05-16,1.0,6,1.25,0.003125,-0.021780616221485045,-0.024837551795792945,3,5,2.2263026530396384
2022-05-13,2022-05-16,2022-05-23,1.0,6,0.0,0.0,0.0009778261156510593,0.0009778261156510037,0,0,2.2284795899151235
2022-05-20,2022-05-23,2022-05-30,1.0,6,0.0,0.0,0.016411512062330047,0.016411512062330047,0,0,2.265052309585672
2022-05-27,2022-05-30,2022-06-07,1.0,6,1.0,0.0025,0.007802104319343898,0.005282599058545667,3,3,2.277017672783846
2022-06-03,2022-06-07,2022-06-13,1.0,6,0.0,0.0,-0.024551389331096168,-0.02455138933109613,0,0,2.221113725385543
2022-06-10,2022-06-13,2022-06-20,1.0,6,0.0,0.0,-0.046663571158155705,-0.04666357115815567,0,0,2.1174686270106586
2022-06-17,2022-06-20,2022-06-27,1.0,6,0.0,0.0,-0.017597790253853902,-0.017597790253853884,0,0,2.080205858243409
2022-06-24,2022-06-27,2022-07-04,1.0,6,1.0,0.0025,-0.02446746958837957,-0.026906300914408487,3,3,2.0242352134575965
2022-07-01,2022-07-04,2022-07-11,1.0,8,1.5,0.00375,-0.018486428038384142,-0.022167103933240284,6,4,1.979363781095557
2022-07-08,2022-07-11,2022-07-18,1.0,8,0.0,0.0,-0.029849440966589313,-0.029849440966589258,0,0,1.9202808787603405
2022-07-15,2022-07-18,2022-07-25,1.0,8,0.0,0.0,0.034158551854521865,0.03415855185452177,0,0,1.985874892732722
2022-07-22,2022-07-25,2022-08-01,1.0,8,0.0,0.0,0.0837470292598724,0.08374702925987232,0,0,2.152186015480855
2022-07-29,2022-08-01,2022-08-08,1.0,8,0.0,0.0,0.019465222479863903,0.01946522247986393,0,0,2.194078795090242
2022-08-05,2022-08-08,2022-08-16,1.0,8,0.0,0.0,0.04571604066301971,0.04571604066301971,0,0,2.2943833905044566
2022-08-12,2022-08-16,2022-08-22,1.0,8,0.0,0.0,-0.01882271148466147,-0.018822711484661525,0,0,2.251196873909792
2022-08-19,2022-08-22,2022-08-29,1.0,8,0.0,0.0,-0.0017750993463082482,-0.001775099346308262,0,0,2.2472007758105033
2022-08-26,2022-08-29,2022-09-05,1.0,10,0.39999999999999997,0.001,-0.004071583158617153,-0.005067511575458483,2,0,2.2358130598667043
2022-09-02,2022-09-05,2022-09-13,1.0,8,0.39999999999999997,0.001,0.019773722929035287,0.0187539492061064,0,2,2.277743384425794
2022-09-08,2022-09-13,2022-09-19,1.0,8,0.0,0.0,-0.02119791302402972,-0.021197913024029735,0,0,2.229459978271677
2022-09-16,2022-09-19,2022-09-26,1.0,8,0.0,0.0,-0.02242352471298606,-0.02242352471298603,0,0,2.1794676273522886
2022-09-23,2022-09-26,2022-10-04,1.0,8,0.0,0.0,-0.050747640852168166,-0.05074764085216821,0,0,2.0688647869504875
2022-09-30,2022-10-04,2022-10-11,1.0,5,1.5,0.00375,-0.01339172283103005,-0.017091503870413693,3,6,2.0335047764369607
2022-10-07,2022-10-11,2022-10-17,1.0,5,0.0,0.0,-0.018855005609632824,-0.018855005609632824,0,0,1.9951630324700267
2022-10-14,2022-10-17,2022-10-24,1.0,5,0.0,0.0,-0.004511840606306228,-0.004511840606306272,0,0,1.9861611748839272
2022-10-21,2022-10-24,2022-10-31,1.0,5,0.0,0.0,-0.0011084669667882352,-0.0011084669667882352,0,0,1.983959580830851
2022-10-28,2022-10-31,2022-11-07,1.0,5,0.0,0.0,0.040670560122027674,0.04067056012202763,0,0,2.064648328242705
2022-11-04,2022-11-07,2022-11-14,1.0,5,0.0,0.0,0.014504971441861025,0.014504971441861025,0,0,2.094595993281352
2022-11-11,2022-11-14,2022-11-21,1.0,5,1.2000000000000002,0.0030000000000000005,0.03831404596862529,0.035199103830719336,3,3,2.168323895132271
2022-11-18,2022-11-21,2022-11-28,1.0,5,1.2000000000000002,0.0030000000000000005,0.06905389249612585,0.06584673081863746,3,3,2.3111009349826652
2022-11-25,2022-11-28,2022-12-05,1.0,7,0.5714285714285715,0.0014285714285714288,0.021236825562833208,0.019777915812029256,2,0,2.3568096947078545
2022-12-02,2022-12-05,2022-12-12,1.0,7,0.0,0.0,0.058206314636965746,0.058206314636965795,0,0,2.493990901337471
2022-12-09,2022-12-12,2022-12-19,1.0,7,0.0,0.0,-0.025397676016314596,-0.025397676016314596,0,0,2.4306493284376653
2022-12-16,2022-12-19,2022-12-26,1.0,7,0.0,0.0,0.02791204214555692,0.02791204214555698,0,0,2.4984937149340873
2022-12-23,2022-12-26,2023-01-02,1.0,7,0.0,0.0,-0.002442723208422886,-0.00244272320842287,0,0,2.492390586350519
2022-12-29,2023-01-02,2023-01-09,1.0,6,1.4285714285714284,0.003571428571428571,0.0168411714120979,0.013209595799911877,4,5,2.525314058571715
2023-01-06,2023-01-09,2023-01-16,1.0,6,0.0,0.0,0.03969965029754904,0.03969965029754907,0,0,2.625568143588496
2023-01-13,2023-01-16,2023-01-25,1.0,9,1.1111111111111112,0.002777777777777778,0.03774924757307382,0.034866610774259676,5,2,2.717112806112292
2023-01-20,2023-01-25,2023-01-30,1.0,7,0.4444444444444444,0.0011111111111111111,0.015792338715123484,0.014663680560995651,0,2,2.756955680349313
2023-01-27,2023-01-30,2023-02-06,1.0,9,0.4444444444444444,0.0011111111111111111,-0.004574142458062758,-0.005680171188664818,2,0,2.741295700125367
2023-02-03,2023-02-06,2023-02-13,1.0,7,0.4444444444444444,0.0011111111111111111,-0.013806362630253413,-0.014902133338441925,0,2,2.7004445460820015
2023-02-10,2023-02-13,2023-02-20,1.0,7,0.0,0.0,0.021300626375930776,0.021300626375930776,0,0,2.757965706407014
2023-02-17,2023-02-20,2023-02-27,1.0,7,0.0,0.0,-0.03381383822766441,-0.03381383822766437,0,0,2.6647083001731215
2023-02-24,2023-02-27,2023-03-06,1.0,7,0.0,0.0,0.017778615104864986,0.017778615104864892,0,0,2.712083123408638
2023-03-03,2023-03-06,2023-03-13,1.0,9,1.1111111111111112,0.002777777777777778,-0.03597649595223942,-0.0386543390190387,5,3,2.6072493429085872
2023-03-10,2023-03-13,2023-03-20,1.0,11,0.5454545454545454,0.0013636363636363635,-0.016925941432165546,-0.01826649696657623,3,1,2.5596240306952396
2023-03-17,2023-03-20,2023-03-27,1.0,10,0.5454545454545455,0.0013636363636363637,0.015122777235378837,0.013738518902785213,2,3,2.5947894738249695
2023-03-24,2023-03-27,2023-04-03,1.0,8,0.39999999999999997,0.001,0.04560233137322367,0.044556729041850485,0,2,2.7104048053308345
2023-03-31,2023-04-03,2023-04-10,1.0,11,1.4545454545454546,0.0036363636363636364,-0.016345703567663336,-0.019922628281962673,8,5,2.656406417900583
2023-04-07,2023-04-10,2023-04-17,1.0,11,0.9090909090909092,0.002272727272727273,0.06764974658510141,0.06522326988831706,5,5,2.8296659306283702
2023-04-14,2023-04-17,2023-04-24,1.0,11,0.5454545454545454,0.0013636363636363635,0.0038378486456094015,0.002468978852001813,3,3,2.8366523159693218
2023-04-21,2023-04-24,2023-05-02,1.0,11,0.9090909090909092,0.002272727272727273,0.0009611159500146702,-0.0013137956771445136,5,5,2.832925534419039
2023-04-28,2023-05-02,2023-05-08,1.0,11,0.0,0.0,0.021290357347793883,0.02129035734779383,0,0,2.8932395313865102
2023-05-04,2023-05-08,2023-05-15,1.0,11,0.36363636363636365,0.0009090909090909091,-0.01727611032979209,-0.018169495684037584,2,2,2.840670828208096
2023-05-12,2023-05-15,2023-05-22,1.0,13,1.0769230769230769,0.002692307692307692,0.05498675745285117,0.052146408490478136,7,5,2.9888016096028203
2023-05-19,2023-05-22,2023-05-30,1.0,11,0.7692307692307693,0.0019230769230769232,0.002629192018588961,0.0007010589570148884,3,5,2.990896935741973
2023-05-26,2023-05-30,2023-06-05,1.0,15,0.9333333333333333,0.0023333333333333335,0.012629489452738918,0.010266687310682698,7,3,3.021603539359715
2023-06-02,2023-06-05,2023-06-12,1.0,15,0.26666666666666666,0.0006666666666666666,0.02244833448265949,0.021766702259671034,2,2,3.087373883947726
2023-06-09,2023-06-12,2023-06-19,1.0,15,0.26666666666666666,0.0006666666666666666,0.016034190993277957,0.015356834865948965,2,2,3.134786174852955
2023-06-16,2023-06-19,2023-06-26,1.0,15,0.26666666666666666,0.0006666666666666666,-0.013753996297518938,-0.014411493633320616,2,2,3.08960922385224
2023-06-23,2023-06-26,2023-07-03,1.0,14,0.39999999999999997,0.001,0.039749206156778495,0.03870945695062189,2,3,3.2092063190971927
2023-06-30,2023-07-03,2023-07-10,1.0,13,1.7142857142857144,0.004285714285714286,-0.024389783520474145,-0.028570970162529297,11,12,3.1175161811088663
2023-07-07,2023-07-10,2023-07-17,1.0,14,0.5714285714285715,0.0014285714285714288,0.05444786676584688,0.052941512670467095,4,3,3.2825622035114277
2023-07-14,2023-07-17,2023-07-24,1.0,13,0.5714285714285715,0.0014285714285714288,0.017487930555949636,0.01603437636944105,3,4,3.3351960413386315
2023-07-21,2023-07-24,2023-07-31,1.0,15,0.2666666666666667,0.0006666666666666669,0.020837575060041403,0.020157016676668027,2,0,3.4024236435638513
2023-07-28,2023-07-31,2023-08-07,1.0,14,0.39999999999999997,0.001,-0.016900331112217455,-0.017883430781105214,2,3,3.3415766358461814
2023-08-04,2023-08-07,2023-08-14,1.0,12,0.2857142857142857,0.0007142857142857143,-0.004352155558097194,-0.005063332589841374,0,2,3.324657121964449
2023-08-11,2023-08-14,2023-08-21,1.0,12,0.5,0.00125,0.022457412377865776,0.02117934061239346,3,3,3.3950711675699536
2023-08-18,2023-08-21,2023-08-28,1.0,12,0.5,0.00125,-0.0036527416269542534,-0.0048981756999205706,3,3,3.3784415124774614
2023-08-25,2023-08-28,2023-09-04,1.0,12,0.0,0.0,0.025723740278979963,0.025723740278980056,0,0,3.4653476644921564
2023-09-01,2023-09-04,2023-09-11,1.0,12,0.0,0.0,-0.03494730623467291,-0.034947306234672904,0,0,3.3442430984515403
2023-09-08,2023-09-11,2023-09-18,1.0,12,0.0,0.0,0.010645108222778579,0.010645108222778532,0,0,3.3798429281578373
2023-09-15,2023-09-18,2023-09-25,1.0,12,0.0,0.0,-0.01477803477014436,-0.014778034770144388,0,0,3.329895491847894
2023-09-22,2023-09-25,2023-10-04,1.0,12,0.0,0.0,-0.025727317181287263,-0.02572731718128729,0,0,3.2442262143485845
2023-09-27,2023-10-04,2023-10-10,1.0,11,1.1666666666666667,0.002916666666666667,-0.008920033089708205,-0.011810682993196653,6,7,3.205909686972695
2023-10-06,2023-10-10,2023-10-16,1.0,12,0.5,0.00125,-0.02981236950812673,-0.03102510404624148,3,2,3.1064460053715135
2023-10-13,2023-10-16,2023-10-23,1.0,12,0.0,0.0,-0.03451352503727728,-0.034513525037277226,0,0,2.999231603388174
2023-10-20,2023-10-23,2023-10-30,1.0,12,0.5,0.00125,0.014822913076918446,0.01355438443557233,3,3,3.0398843415518155
2023-10-27,2023-10-30,2023-11-06,1.0,12,0.5,0.00125,0.038478140618405175,0.03718004294263211,3,3,3.152907371911347
2023-11-03,2023-11-06,2023-11-13,1.0,10,0.8333333333333334,0.0020833333333333333,0.03791576635524705,0.035753441842006906,3,5,3.2656346622662142
2023-11-10,2023-11-13,2023-11-20,1.0,10,0.0,0.0,-0.020273761392727786,-0.02027376139272774,0,0,3.199427964327608
2023-11-17,2023-11-20,2023-11-27,1.0,10,0.0,0.0,0.025447377820818774,0.02544737782081885,0,0,3.280845016546346
2023-11-24,2023-11-27,2023-12-04,1.0,10,0.0,0.0,-0.00823596180008097,-0.008235961800081015,0,0,3.253824102318084
2023-12-01,2023-12-04,2023-12-11,1.0,10,0.0,0.0,0.05533109294413212,0.05533109294413219,0,0,3.4338617461473033
2023-12-08,2023-12-11,2023-12-18,1.0,10,0.0,0.0,-0.008510995662568166,-0.008510995662568188,0,0,3.4046361637199847
2023-12-15,2023-12-18,2023-12-26,1.0,10,0.0,0.0,0.0036066715999391484,0.003606671599939215,0,0,3.4169155682797996
2023-12-22,2023-12-26,2024-01-02,1.0,10,0.0,0.0,-0.014759637559244632,-0.014759637559244587,0,0,3.3664831329214495
2023-12-28,2024-01-02,2024-01-08,1.0,9,1.0,0.0025,0.0025058274757167537,-4.37092972371822e-07,4,5,3.3664816614553303
2024-01-05,2024-01-08,2024-01-15,1.0,11,0.36363636363636354,0.0009090909090909089,-7.807479528287864e-05,-0.0009870947272870856,2,0,3.363158625157799
2024-01-12,2024-01-15,2024-01-22,1.0,11,0.0,0.0,0.0045663296542859996,0.004566329654285939,0,0,3.378515916119925
2024-01-19,2024-01-22,2024-01-29,1.0,11,0.0,0.0,0.00811554029399149,0.008115540293991419,0,0,3.4059343981710875
2024-01-26,2024-01-29,2024-02-05,1.0,11,0.0,0.0,-0.005965746128372115,-0.005965746128372085,0,0,3.385615458221709
2024-02-02,2024-02-05,2024-02-13,1.0,11,0.0,0.0,-0.00044936755294950286,-0.00044936755294955333,0,0,3.3840940724880197
2024-02-08,2024-02-13,2024-02-19,1.0,11,0.0,0.0,0.02230216892662873,0.02230216892662873,0,0,3.4595667101562504
2024-02-16,2024-02-19,2024-02-26,1.0,11,0.0,0.0,0.015605689704331566,0.015605689704331516,0,0,3.5135556347463837
2024-02-23,2024-02-26,2024-03-04,1.0,11,0.0,0.0,-0.002387111799426502,-0.0023871117994265223,0,0,3.505168384632739
2024-02-29,2024-03-04,2024-03-11,1.0,11,0.0,0.0,-0.02504525794686492,-0.025045257946864963,0,0,3.417380538292416
2024-03-08,2024-03-11,2024-03-18,1.0,9,0.36363636363636354,0.0009090909090909089,-0.004486580273796028,-0.0053915924735470355,0,2,3.3989554151029124
2024-03-15,2024-03-18,2024-03-25,1.0,11,0.36363636363636354,0.0009090909090909089,0.016987203989855315,0.01606267016804641,2,0,3.453551714851606
2024-03-22,2024-03-25,2024-04-01,1.0,7,0.9090909090909091,0.0022727272727272726,0.0253105485399977,0.022980297293315743,1,5,3.5329153599767364
2024-03-29,2024-04-01,2024-04-08,1.0,10,1.2,0.003,-0.023328325064040055,-0.026258340088847865,6,3,3.440146866949353
2024-04-05,2024-04-08,2024-04-15,1.0,12,0.3333333333333334,0.0008333333333333336,-0.03883852414519736,-0.03963949204174311,2,0,3.303781192594487
2024-04-12,2024-04-15,2024-04-22,1.0,12,0.0,0.0,0.011428243971622768,0.011428243971622676,0,0,3.341537610092315
2024-04-19,2024-04-22,2024-04-29,1.0,12,0.0,0.0,0.03152018329012358,0.031520183290123516,0,0,3.4468634880332663
2024-04-26,2024-04-29,2024-05-07,1.0,12,0.0,0.0,-0.00596791100978214,-0.005967911009782112,0,0,3.4262929134738167
2024-05-03,2024-05-07,2024-05-13,1.0,12,0.0,0.0,-0.0007458874732050128,-0.0007458874732050313,0,0,3.4237372845101253
2024-05-10,2024-05-13,2024-05-20,1.0,10,0.3333333333333334,0.0008333333333333336,0.012901279733606053,0.012057195333827986,0,2,3.4650179537211736
2024-05-17,2024-05-20,2024-05-27,1.0,10,0.0,0.0,-0.027942016941791326,-0.027942016941791326,0,0,3.3681983633546855
2024-05-24,2024-05-27,2024-06-03,1.0,10,1.0,0.0025,0.011801524759937931,0.00927202094803814,5,5,3.399428369136858
2024-05-31,2024-06-03,2024-06-10,1.0,10,0.6000000000000001,0.0015000000000000002,-0.023251902762483602,-0.024717024908339824,3,3,3.315404613462785
2024-06-07,2024-06-10,2024-06-17,1.0,10,0.0,0.0,-0.011489464547365224,-0.011489464547365213,0,0,3.2773123896962333
2024-06-14,2024-06-17,2024-06-24,1.0,10,0.6000000000000001,0.0015000000000000002,0.007004303197127681,0.00549379674233208,3,3,3.295317277826351
2024-06-21,2024-06-24,2024-07-01,1.0,12,0.3333333333333334,0.0008333333333333336,0.021937568513673577,0.021085953873245522,2,0,3.3648021859443067
2024-06-28,2024-07-01,2024-07-08,1.0,10,1.0,0.0025,0.018374238717967017,0.015828303121172116,4,6,3.4180612948862157
2024-07-05,2024-07-08,2024-07-15,1.0,10,0.0,0.0,-0.0001325373455870138,-0.0001325373455870471,0,0,3.4176082741151377
2024-07-12,2024-07-15,2024-07-22,1.0,10,0.4,0.001,-0.03728085919991001,-0.038243578340710016,2,2,3.2869067043461566
2024-07-19,2024-07-22,2024-07-29,1.0,12,0.3333333333333334,0.0008333333333333336,-0.03345426664736325,-0.03425972142515721,2,0,3.174298196304776
2024-07-26,2024-07-29,2024-08-05,1.0,10,0.3333333333333334,0.0008333333333333336,-0.054310102580111055,-0.05509817749462764,0,2,2.9994001508638988
2024-08-02,2024-08-05,2024-08-12,1.0,12,0.3333333333333334,0.0008333333333333336,0.028595453393845033,0.02773829051601684,2,0,3.0825983836223463
2024-08-09,2024-08-12,2024-08-19,1.0,12,0.0,0.0,0.044097314666917124,0.04409731466691702,0,0,3.2185326945366706
2024-08-16,2024-08-19,2024-08-26,1.0,12,0.0,0.0,0.01782896676527974,0.017828966765279786,0,0,3.275915806980531
2024-08-23,2024-08-26,2024-09-02,1.0,12,0.0,0.0,-0.03342095609524437,-0.033420956095244314,0,0,3.166431568623718
2024-08-30,2024-09-02,2024-09-09,1.0,12,0.6666666666666666,0.0016666666666666666,-0.02860381660308321,-0.03022281024207807,4,4,3.070733108180678
2024-09-06,2024-09-09,2024-09-19,1.0,9,0.8333333333333333,0.0020833333333333333,0.026108778500171546,0.023971051878296068,2,5,3.1443418108212784
2024-09-13,2024-09-19,2024-09-23,1.0,9,0.0,0.0,0.0003058266449709561,0.00030582664497091905,0,0,3.1453034343279236
2024-09-20,2024-09-23,2024-09-30,1.0,12,1.1666666666666665,0.0029166666666666664,0.05149056089438381,0.04842371342510865,7,4,3.297610706466829
2024-09-27,2024-09-30,2024-10-07,1.0,12,0.0,0.0,-0.017055251741828037,-0.017055251741828092,0,0,3.24136912572149
2024-10-04,2024-10-07,2024-10-14,1.0,12,0.8333333333333333,0.0020833333333333333,-0.002412394708183866,-0.004490702219208442,5,5,3.226813102195339
2024-10-11,2024-10-14,2024-10-21,1.0,10,1.1666666666666667,0.002916666666666667,-0.0064798642055747925,-0.009377631268308484,5,7,3.1965532387512043
2024-10-18,2024-10-21,2024-10-28,1.0,10,0.6000000000000001,0.0015000000000000002,-0.0015535363108690082,-0.003051206006402629,3,3,3.1867998963093407
2024-10-25,2024-10-28,2024-11-04,1.0,10,0.6000000000000001,0.0015000000000000002,0.001081428381367011,-0.0004201937612050566,3,3,3.1854608228747026
2024-11-01,2024-11-04,2024-11-11,1.0,10,0.4,0.001,0.015725129441832252,0.01470940431239054,2,2,3.2323170540396466
2024-11-08,2024-11-11,2024-11-18,1.0,9,0.5999999999999999,0.0014999999999999996,-0.02354548393340254,-0.025010165707502363,2,3,3.151476268898929
2024-11-15,2024-11-18,2024-11-25,1.0,12,0.8333333333333333,0.0020833333333333333,0.02855625131640711,0.026413425792831235,5,2,3.2347175534653596
2024-11-22,2024-11-25,2024-12-02,1.0,10,0.3333333333333334,0.0008333333333333336,-0.019490007068715797,-0.02030709872949188,0,2,3.169029824745118
2024-11-29,2024-12-02,2024-12-09,1.0,9,0.5999999999999999,0.0014999999999999996,-0.07175305205909695,-0.0731454224810083,2,3,2.937229799359221
2024-12-06,2024-12-09,2024-12-16,1.0,9,0.0,0.0,0.02076710365148007,0.020767103651480046,0,0,2.99822755505073
2024-12-13,2024-12-16,2024-12-23,1.0,10,0.5999999999999999,0.0014999999999999996,-0.022314278548486464,-0.02378080713066366,3,2,2.926927283830227
2024-12-20,2024-12-23,2024-12-30,1.0,9,0.5999999999999999,0.0014999999999999996,-0.02181497748480521,-0.023282255018577946,2,3,2.858781816387258
2024-12-27,2024-12-30,2025-01-06,1.0,9,0.0,0.0,-0.0017110186842654,-0.0017110186842653752,0,0,2.853890387285181
2025-01-03,2025-01-06,2025-01-13,1.0,4,1.1111111111111112,0.002777777777777778,-0.0011599405700567222,-0.003934496290695422,0,5,2.8426617661423563
2025-01-10,2025-01-13,2025-01-20,1.0,8,1.25,0.003125,0.028002372038866324,0.024789864626244773,5,1,2.913130966503227
2025-01-17,2025-01-20,2025-01-31,1.0,8,0.0,0.0,-0.015935573664119948,-0.015935573664119906,0,0,2.866708553393286
2025-01-24,2025-01-31,2025-02-03,1.0,8,0.0,0.0,-0.014240195543861828,-0.0142401955438618,0,0,2.8258860630257043
2025-01-31,2025-02-03,2025-02-10,1.0,11,0.5454545454545454,0.0013636363636363635,0.0007963852465835823,-0.0005683370969344903,3,0,2.8242800071443765
2025-02-07,2025-02-10,2025-02-17,1.0,9,0.36363636363636354,0.0009090909090909089,0.008862689330751282,0.007945541431359837,0,2,2.8467204409549036
2025-02-14,2025-02-17,2025-02-24,1.0,9,0.0,0.0,-0.009111312665600058,-0.009111312665600058,0,0,2.8207830809458088
2025-02-21,2025-02-24,2025-03-04,1.0,9,0.0,0.0,-0.020055625975718305,-0.020055625975718305,0,0,2.764210510515725
2025-02-28,2025-03-04,2025-03-10,1.0,7,0.4444444444444444,0.0011111111111111111,0.005944979245645664,0.004827262602039362,0,2,2.7775540805373016
2025-03-07,2025-03-10,2025-03-17,1.0,4,0.8571428571428572,0.002142857142857143,0.019103096145608067,0.016919303796724572,0,3,2.8245483618377443
2025-03-14,2025-03-17,2025-03-24,1.0,4,0.0,0.0,-0.00294525213457808,-0.00294525213457808,0,0,2.816229354745823
2025-03-21,2025-03-24,2025-03-31,1.0,4,0.0,0.0,-0.022301115918015202,-0.022301115918015202,0,0,2.753424297453919
2025-03-28,2025-03-31,2025-04-07,1.0,4,0.0,0.0,-0.044078772380155784,-0.044078772380155784,0,0,2.6320567345804573
2025-04-04,2025-04-07,2025-04-14,1.0,9,1.3333333333333333,0.003333333333333333,0.010890191042032827,0.007520557071892808,6,1,2.6518512674693295
2025-04-11,2025-04-14,2025-04-21,1.0,7,0.4444444444444444,0.0011111111111111111,0.04665538026443228,0.04549242984191637,0,2,2.772490425205875
2025-04-18,2025-04-21,2025-04-28,1.0,9,0.4444444444444444,0.0011111111111111111,0.012626237551987947,0.011501097288041384,2,0,2.804377107316331
2025-04-25,2025-04-28,2025-05-07,1.0,11,0.36363636363636354,0.0009090909090909089,0.05210068545036497,0.05114423028177373,2,0,2.9478048158898518
2025-05-02,2025-05-07,2025-05-12,1.0,11,0.0,0.0,-0.0036289013039023754,-0.0036289013039023654,0,0,2.9371075231498196
2025-05-09,2025-05-12,2025-05-19,1.0,9,0.36363636363636354,0.0009090909090909089,0.006590994378915329,0.00567591165675263,0,2,2.9537782859776014
2025-05-16,2025-05-19,2025-05-26,1.0,11,0.36363636363636354,0.0009090909090909089,0.04498990527561746,0.04403991445263977,2,0,3.08386242900412
2025-05-23,2025-05-26,2025-06-02,1.0,11,0.0,0.0,0.04512506989265772,0.04512506989265774,0,0,3.2230219366522723
2025-05-30,2025-06-02,2025-06-09,1.0,12,0.5,0.00125,0.05400190450385792,0.052684402123228224,3,2,3.3928249204148466
2025-06-05,2025-06-09,2025-06-16,1.0,12,0.0,0.0,0.04573982802612159,0.04573982802612164,0,0,3.5480121487973615
2025-06-13,2025-06-16,2025-06-23,1.0,11,0.5,0.00125,0.046679074860991966,0.045370726017415874,2,3,3.7089880359069096
2025-06-20,2025-06-23,2025-06-30,1.0,14,0.7142857142857143,0.0017857142857142859,0.03238113092269823,0.030537593188907808,5,2,3.822251603689961
2025-06-27,2025-06-30,2025-07-07,1.0,11,0.7142857142857143,0.0017857142857142859,-0.016761083925571983,-0.018516867704276296,2,5,3.751475476411976
2025-07-04,2025-07-07,2025-07-14,1.0,11,0.5454545454545454,0.0013636363636363635,0.0992586421283034,0.09775965307085577,3,3,4.118218417489834
2025-07-11,2025-07-14,2025-07-21,1.0,12,0.5,0.00125,-0.015782301458245607,-0.01701257358142283,3,2,4.048156923637918
2025-07-18,2025-07-21,2025-07-28,1.0,9,0.8333333333333333,0.0020833333333333333,-0.017810577558355786,-0.019856805521775933,2,5,3.967773458883609
2025-07-25,2025-07-28,2025-08-04,1.0,9,0.0,0.0,-0.05938785452152922,-0.05938785452152917,0,0,3.7321359059330446
2025-08-01,2025-08-04,2025-08-11,1.0,10,0.5999999999999999,0.0014999999999999996,0.029395674179923524,0.027851580668653675,3,2,3.836081790183518
2025-08-08,2025-08-11,2025-08-18,1.0,10,0.0,0.0,0.015432208466729347,0.015432208466729325,0,0,3.8952810040650543
2025-08-14,2025-08-18,2025-08-25,1.0,12,1.1666666666666667,0.002916666666666667,0.0004002085654457588,-0.0025176253762034806,7,5,3.8854741457617767
2025-08-22,2025-08-25,2025-09-01,1.0,10,0.8333333333333334,0.0020833333333333333,0.020376892544617296,0.0182511073518159,3,5,3.9563883515087803
2025-08-29,2025-09-01,2025-09-08,1.0,10,1.0,0.0025,0.009240436606538949,0.006717335515022738,5,5,3.9829647394935925
2025-09-05,2025-09-08,2025-09-15,1.0,10,1.6,0.004,0.06936639856706121,0.06508893297279283,8,8,4.242211664455488
2025-09-12,2025-09-15,2025-09-22,1.0,12,0.3333333333333334,0.0008333333333333336,0.043427495468789795,0.042557972555899104,2,0,4.4227515920477
2025-09-19,2025-09-22,2025-09-29,1.0,10,0.3333333333333334,0.0008333333333333336,-0.01914122704840434,-0.019958609359197355,0,2,4.334479620729251
2025-09-26,2025-09-29,2025-10-10,1.0,10,1.0,0.0025,-0.0235578583043931,-0.02599896365863197,5,5,4.22178764259083
2025-10-02,2025-10-10,2025-10-13,1.0,9,1.2,0.003,-0.02072840732037499,-0.023666222098413847,5,6,4.121873878588937
2025-10-10,2025-10-13,2025-10-20,1.0,9,1.1111111111111112,0.002777777777777778,-0.006165845993843276,-0.00892649642163812,5,5,4.0850799861612686
2025-10-17,2025-10-20,2025-10-27,1.0,9,0.6666666666666666,0.0016666666666666666,0.00303615955293531,0.0013644326203470225,3,3,4.090653802551114
2025-10-24,2025-10-27,2025-11-03,1.0,9,0.0,0.0,0.0008003135662703547,0.0008003135662704164,0,0,4.093927608284211
2025-10-31,2025-11-03,2025-11-10,1.0,9,0.4444444444444444,0.0011111111111111111,-0.03275021605577108,-0.033824938037931296,2,2,3.9554507606022216
2025-11-07,2025-11-10,2025-11-17,1.0,11,0.36363636363636354,0.0009090909090909089,0.04129117204439641,0.04034454370617424,2,0,4.115031616690958
2025-11-14,2025-11-17,2025-11-24,1.0,7,0.9090909090909091,0.0022727272727272726,-0.021326892529992567,-0.023551149592424436,1,5,4.018117891508713
2025-11-21,2025-11-24,2025-12-01,1.0,9,0.4444444444444444,0.0011111111111111111,0.07170842011284656,0.07051763297938796,2,0,4.301466054250037
2025-11-28,2025-12-01,2025-12-08,1.0,9,0.0,0.0,-0.006566057445714751,-0.006566057445714701,0,0,4.27322238103704
2025-12-05,2025-12-08,2025-12-15,1.0,9,0.0,0.0,-0.024191706735503145,-0.024191706735503193,0,0,4.169845838379403
2025-12-12,2025-12-15,2025-12-22,1.0,9,0.0,0.0,-0.0006804742143343084,-0.000680474214334259,0,0,4.167008365808637
2025-12-19,2025-12-22,2025-12-29,1.0,11,0.5454545454545454,0.0013636363636363635,-0.008188931925565286,-0.009541401563848528,3,1,4.127249265670541
2025-12-26,2025-12-29,2026-01-05,1.0,7,0.9090909090909091,0.0022727272727272726,0.03516011150663615,0.032807474889575694,1,5,4.262653892317046
2026-01-02,2026-01-05,2026-01-12,1.0,8,1.0,0.0025,-0.04594845144478832,-0.048333580316176294,4,3,4.056624568052679
2026-01-09,2026-01-12,2026-01-19,1.0,12,0.8333333333333334,0.0020833333333333333,0.006613871908810094,0.004516759675666782,5,1,4.074947366320979
2026-01-16,2026-01-19,2026-01-26,1.0,12,0.0,0.0,0.044449147969178836,0.04444914796917887,0,0,4.256075304773196
2026-01-23,2026-01-26,2026-02-02,1.0,12,0.0,0.0,0.1459157825429987,0.14591578254299864,0,0,4.877103863431109
2026-01-30,2026-02-02,2026-02-09,1.0,12,0.0,0.0,0.010077160239262742,0.01007716023926264,0,0,4.926251220566431
2026-02-06,2026-02-09,2026-02-19,1.0,14,0.2857142857142857,0.0007142857142857143,0.03350536955404212,0.032767151432932184,2,0,5.087670440307398
2026-02-13,2026-02-19,2026-02-23,1.0,14,0.0,0.0,0.07159113181469637,0.07159113181469645,0,0,5.45190252542918
2026-02-20,2026-02-23,2026-03-03,1.0,13,0.5714285714285715,0.0014285714285714288,-0.011896710853096208,-0.013308286980448947,3,4,5.379347042031334
2026-02-27,2026-03-03,2026-03-09,1.0,15,0.6666666666666667,0.001666666666666667,-0.060634307239642686,-0.06219991672757663,5,3,5.044752103968249
2026-03-06,2026-03-09,2026-03-16,1.0,13,0.6666666666666667,0.001666666666666667,0.022056593984287113,0.02035316632764661,3,5,5.14742878262206
2026-03-13,2026-03-16,2026-03-23,1.0,13,0.0,0.0,0.027608708521390874,0.027608708521390968,0,0,5.289542643516091
2026-03-20,2026-03-23,2026-03-30,1.0,13,0.0,0.0,-0.04648954063657619,-0.046489540636576177,0,0,5.043634235841447
2026-03-27,2026-03-30,2026-04-06,1.0,15,0.4000000000000001,0.0010000000000000002,0.0016481135980173237,0.0006464654844193785,3,1,5.046894771290954
2026-04-03,2026-04-06,2026-04-13,1.0,15,1.2,0.003,0.038569986945054695,0.035454276984219435,9,9,5.225828776422512
2026-04-10,2026-04-13,2026-04-20,1.0,13,0.9333333333333333,0.0023333333333333335,0.10320568818638128,0.10063154158061294,5,7,5.751711982230238
2026-04-17,2026-04-20,2026-04-27,1.0,11,0.3076923076923077,0.0007692307692307693,0.12346409695860933,0.12259989380710268,0,2,6.456871260460705
2026-04-24,2026-04-27,2026-05-04,1.0,11,0.0,0.0,0.0435999820390367,0.0435999820390367,0,0,6.738390731445164
2026-04-30,2026-05-04,2026-05-11,1.0,11,0.0,0.0,0.007568249232759772,0.007568249232759783,0,0,6.789388551928459
2026-05-08,2026-05-11,2026-05-18,1.0,11,0.0,0.0,-0.08325522472512373,-0.0832552247251237,0,0,6.224136482291473
2026-05-15,2026-05-18,2026-05-26,1.0,11,0.0,0.0,0.09064791549938057,0.09064791549938067,0,0,6.788341480194843
2026-05-22,2026-05-26,2026-06-01,1.0,11,0.0,0.0,-0.13828960462954212,-0.1382896046295421,0,0,5.849584420808378
