date,value
2001-01-01,3.9672
2001-02-01,5.3489
2001-03-01,-2.1124
2001-04-01,-10.3603
2001-05-01,-9.0853
2001-06-01,-15.2056
2001-07-01,-21.1917
2001-08-01,-20.4282
2001-09-01,-17.7492
2001-10-01,-20.7373
2001-11-01,-17.6135
2001-12-01,-20.4458
2002-01-01,-9.9886
2002-02-01,-17.4556
2002-03-01,-6.1846
2002-04-01,8.7733
2002-05-01,6.5095
2002-06-01,-0.2927
2002-07-01,17.5814
2002-08-01,18.6374
2002-09-01,11.6767
2002-10-01,24.8107
2002-11-01,23.0594
2002-12-01,26.1174
2003-01-01,25.8134
2003-02-01,20.9934
2003-03-01,16.0552
2003-04-01,19.2351
2003-05-01,3.5484
2003-06-01,21.4225
2003-07-01,15.2035
2003-08-01,10.145
2003-09-01,22.4471
2003-10-01,25.4895
2003-11-01,20.0409
2003-12-01,31.2951
2004-01-01,32.5923
2004-02-01,43.4862
2004-03-01,37.6882
2004-04-01,36.6574
2004-05-01,41.9605
2004-06-01,38.3282
2004-07-01,36.108
2004-08-01,28.7715
2004-09-01,22.3843
2004-10-01,19.7237
2004-11-01,26.502
2004-12-01,17.5811
2005-01-01,18.2592
2005-02-01,6.6057
2005-03-01,13.1177
2005-04-01,6.4662
2005-05-01,10.984
2005-06-01,9.4679
2005-07-01,10.6254
2005-08-01,17.8999
2005-09-01,17.7045
2005-10-01,11.867
2005-11-01,11.915
2005-12-01,10.4948
2006-01-01,3.5799
2006-02-01,16.5965
2006-03-01,12.0557
2006-04-01,11.8816
2006-05-01,20.8099
2006-06-01,17.8898
2006-07-01,10.9265
2006-08-01,16.8969
2006-09-01,20.9308
2006-10-01,10.5046
2006-11-01,18.4933
2006-12-01,12.2648
2007-01-01,20.7874
2007-02-01,10.25
2007-03-01,13.2104
2007-04-01,17.0157
2007-05-01,11.1167
2007-06-01,14.4954
2007-07-01,17.1996
2007-08-01,13.5996
2007-09-01,-1.1052
2007-10-01,22.9079
2007-11-01,17.0104
2007-12-01,14.7866
2008-01-01,14.8866
2008-02-01,18.8867
2008-03-01,18.4492
2008-04-01,26.4015
2008-05-01,26.8791
2008-06-01,16.4328
2008-07-01,35.5998
2008-08-01,18.1058
2008-09-01,27.6391
2008-10-01,7.7753
2008-11-01,-19.4546
2008-12-01,-17.8999
2009-01-01,-34.52
2009-02-01,-18.5419
2009-03-01,-22.5078
2009-04-01,-19.8776
2009-05-01,-29.3509
2009-06-01,-13.55
2009-07-01,-22.1008
2009-08-01,-20.9256
2009-09-01,-9.3669
2009-10-01,-8.4641
2009-11-01,17.8561
2009-12-01,32.7892
2010-01-01,45.4352
2010-02-01,30.091
2010-03-01,33.7678
2010-04-01,29.5929
2010-05-01,39.7648
2010-06-01,30.5464
2010-07-01,26.6862
2010-08-01,26.0153
2010-09-01,16.1794
2010-10-01,27.584
2010-11-01,21.3856
2010-12-01,22.5931
2011-01-01,44.6714
2011-02-01,16.4289
2011-03-01,28.7975
2011-04-01,23.4999
2011-05-01,21.7121
2011-06-01,11.1485
2011-07-01,21.0929
2011-08-01,25.5232
2011-09-01,18.0155
2011-10-01,7.5522
2011-11-01,11.5162
2011-12-01,8.1513
2012-01-01,-7.3428
2012-02-01,20.4037
2012-03-01,-1.505
2012-04-01,-5.0312
2012-05-01,-0.9697
2012-06-01,0.9109
2012-07-01,-8.7486
2012-08-01,-5.9986
2012-09-01,-2.3617
2012-10-01,1.0175
2012-11-01,3.896
2012-12-01,-6.0079
2013-01-01,10.8561
2013-02-01,-8.6025
2013-03-01,-0.0362
2013-04-01,0.137
2013-05-01,3.0619
2013-06-01,-1.0
2013-07-01,2.6011
2013-08-01,7.5877
2013-09-01,-1.6781
2013-10-01,7.2051
2013-11-01,0.2087
2013-12-01,6.9217
2014-01-01,-0.2485
2014-02-01,1.3699
2014-03-01,3.7024
2014-04-01,8.9032
2014-05-01,-1.5119
2014-06-01,2.4346
2014-07-01,5.1823
2014-08-01,-0.4383
2014-09-01,6.2614
2014-10-01,2.2785
2014-11-01,-2.713
2014-12-01,3.0844
2015-01-01,-0.997
2015-02-01,-3.3547
2015-03-01,-4.5687
2015-04-01,-8.048
2015-05-01,-11.0344
2015-06-01,-2.662
2015-07-01,-5.2045
2015-08-01,-15.1837
2015-09-01,-8.4599
2015-10-01,-16.0343
2015-11-01,-4.9786
2015-12-01,-14.3173
2016-01-01,-19.6096
2016-02-01,-13.3768
2016-03-01,-8.1591
2016-04-01,-11.1211
2016-05-01,-6.1273
2016-06-01,-2.89
2016-07-01,-10.535
2016-08-01,2.6015
2016-09-01,-5.9542
2016-10-01,-3.1572
2016-11-01,2.3125
2016-12-01,6.3451
2017-01-01,11.0219
2017-02-01,20.1589
2017-03-01,13.1047
2017-04-01,23.7631
2017-05-01,13.0699
2017-06-01,13.4119
2017-07-01,19.4433
2017-08-01,17.3977
2017-09-01,34.9334
2017-10-01,6.6882
2017-11-01,9.7068
2017-12-01,8.8115
2018-01-01,22.2677
2018-02-01,3.1436
2018-03-01,5.4939
2018-04-01,-1.9541
2018-05-01,12.8225
2018-06-01,-0.3766
2018-07-01,6.1024
2018-08-01,8.6505
2018-09-01,-8.1013
2018-10-01,22.48
2018-11-01,3.5655
2018-12-01,-1.6993
2019-01-01,-6.2013
2019-02-01,-11.3237
2019-03-01,-8.3936
2019-04-01,-2.1446
2019-05-01,-9.8324
2019-06-01,-13.8431
2019-07-01,-11.0635
2019-08-01,-13.9905
2019-09-01,-11.8877
2019-10-01,-14.9681
2019-11-01,-14.45
2019-12-01,-5.2658
2020-01-01,-6.6406
2020-02-01,3.622
2020-03-01,-1.7786
2020-04-01,-25.6471
2020-05-01,-23.7385
2020-06-01,-10.8941
2020-07-01,-7.1467
2020-08-01,-10.3381
2020-09-01,7.1498
2020-10-01,-3.9234
2020-11-01,3.8854
2020-12-01,12.4027
2021-01-01,11.3772
2021-02-01,9.2763
2021-03-01,16.2967
2021-04-01,41.2344
2021-05-01,45.534
2021-06-01,39.692
2021-07-01,29.628
2021-08-01,34.7001
2021-09-01,16.9258
2021-10-01,24.1905
2021-11-01,31.8646
2021-12-01,18.3153
2022-01-01,15.5152
2022-02-01,21.1353
2022-03-01,18.8038
2022-04-01,12.9169
2022-05-01,21.4216
2022-06-01,5.2959
2022-07-01,8.6191
2022-08-01,6.472
2022-09-01,2.2578
2022-10-01,-5.8071
2022-11-01,-14.1863
2022-12-01,-9.6905
2023-01-01,-16.4389
2023-02-01,-7.6838
2023-03-01,-13.9595
2023-04-01,-14.5428
2023-05-01,-15.4845
2023-06-01,-5.8637
2023-07-01,-16.2412
2023-08-01,-8.1473
2023-09-01,-4.4172
2023-10-01,4.8864
2023-11-01,7.3191
2023-12-01,4.9674
2024-01-01,18.0639
2024-02-01,4.164
2024-03-01,2.9806
2024-04-01,13.5895
2024-05-01,11.4618
2024-06-01,5.6059
2024-07-01,13.875
2024-08-01,10.8644
2024-09-01,7.1253
2024-10-01,4.5649
2024-11-01,1.3094
2024-12-01,6.5761
2025-01-01,-10.1131
2025-02-01,0.4146
2025-03-01,2.7358
2025-04-01,3.3615
2025-05-01,-1.309
2025-06-01,4.3462
2025-07-01,5.6833
2025-08-01,1.0694
2025-09-01,12.5706
2025-10-01,3.4981
2025-11-01,7.9305
2025-12-01,13.2896
2026-01-01,33.8737
2026-02-01,29.3767
2026-03-01,50.3859
2026-04-01,47.8917
2026-05-01,53.3702
