판정월,분기,GDP_QoQ,창중앙값,성장축,CPI_YoY,목표T,목표대비,물가축,국면
2011-01,2010Q4,1.4,1.35,上,3.03,3.0,초과,上,리플레이션
2011-02,2010Q4,1.4,1.35,上,3.03,3.0,초과,上,리플레이션
2011-03,2011Q1,1.0,1.35,下,4.13,3.0,초과,上,스태그플레이션
2011-04,2011Q1,1.0,1.35,下,4.13,3.0,초과,上,스태그플레이션
2011-05,2011Q1,1.0,1.35,下,4.13,3.0,초과,上,스태그플레이션
2011-06,2011Q2,0.4,1.25,下,4.22,3.0,초과,上,스태그플레이션
2011-07,2011Q2,0.4,1.25,下,4.22,3.0,초과,上,스태그플레이션
2011-08,2011Q2,0.4,1.25,下,4.22,3.0,초과,上,스태그플레이션
2011-09,2011Q3,0.5,1.15,下,3.76,3.0,초과,上,스태그플레이션
2011-10,2011Q3,0.5,1.15,下,3.76,3.0,초과,上,스태그플레이션
2011-11,2011Q3,0.5,1.15,下,3.76,3.0,초과,上,스태그플레이션
2011-12,2011Q4,0.7,1.05,下,4.16,3.0,초과,上,스태그플레이션
2012-01,2011Q4,0.7,1.05,下,4.16,3.0,초과,上,스태그플레이션
2012-02,2011Q4,0.7,1.05,下,4.16,3.0,초과,上,스태그플레이션
2012-03,2012Q1,1.0,1.0,下,2.66,3.0,완충(유지),上,스태그플레이션
2012-04,2012Q1,1.0,1.0,下,2.66,3.0,완충(유지),上,스태그플레이션
2012-05,2012Q1,1.0,1.0,下,2.66,3.0,완충(유지),上,스태그플레이션
2012-06,2012Q2,0.4,1.0,下,2.2,3.0,하회,下,디플레이션
2012-07,2012Q2,0.4,1.0,下,2.2,3.0,하회,下,디플레이션
2012-08,2012Q2,0.4,1.0,下,2.2,3.0,하회,下,디플레이션
2012-09,2012Q3,0.4,0.95,下,2.09,3.0,하회,下,디플레이션
2012-10,2012Q3,0.4,0.95,下,2.09,3.0,하회,下,디플레이션
2012-11,2012Q3,0.4,0.95,下,2.09,3.0,하회,下,디플레이션
2012-12,2012Q4,0.7,0.95,下,1.43,3.0,하회,下,디플레이션
2013-01,2012Q4,0.7,0.95,下,1.43,3.0,하회,下,디플레이션
2013-02,2012Q4,0.7,0.95,下,1.43,3.0,하회,下,디플레이션
2013-03,2013Q1,0.8,0.95,下,1.46,3.0,하회,下,디플레이션
2013-04,2013Q1,0.8,0.95,下,1.46,3.0,하회,下,디플레이션
2013-05,2013Q1,0.8,0.95,下,1.46,3.0,하회,下,디플레이션
2013-06,2013Q2,1.1,1.0,上,1.17,3.0,하회,下,골디락스
2013-07,2013Q2,1.1,1.0,上,1.17,3.0,하회,下,골디락스
2013-08,2013Q2,1.1,1.0,上,1.17,3.0,하회,下,골디락스
2013-09,2013Q3,1.0,1.0,下,0.98,3.0,하회,下,디플레이션
2013-10,2013Q3,1.0,1.0,下,0.98,3.0,하회,下,디플레이션
2013-11,2013Q3,1.0,1.0,下,0.98,3.0,하회,下,디플레이션
2013-12,2013Q4,0.9,0.95,下,1.14,3.0,하회,下,디플레이션
2014-01,2013Q4,0.9,0.95,下,1.14,3.0,하회,下,디플레이션
2014-02,2013Q4,0.9,0.95,下,1.14,3.0,하회,下,디플레이션
2014-03,2014Q1,0.8,0.9,下,1.29,3.0,하회,下,디플레이션
2014-04,2014Q1,0.8,0.9,下,1.29,3.0,하회,下,디플레이션
2014-05,2014Q1,0.8,0.9,下,1.29,3.0,하회,下,디플레이션
2014-06,2014Q2,0.9,0.9,下,1.66,3.0,하회,下,디플레이션
2014-07,2014Q2,0.9,0.9,下,1.66,3.0,하회,下,디플레이션
2014-08,2014Q2,0.9,0.9,下,1.66,3.0,하회,下,디플레이션
2014-09,2014Q3,0.3,0.9,下,1.15,3.0,하회,下,디플레이션
2014-10,2014Q3,0.3,0.9,下,1.15,3.0,하회,下,디플레이션
2014-11,2014Q3,0.3,0.9,下,1.15,3.0,하회,下,디플레이션
2014-12,2014Q4,0.5,0.9,下,0.83,3.0,하회,下,디플레이션
2015-01,2014Q4,0.5,0.9,下,0.83,3.0,하회,下,디플레이션
2015-02,2014Q4,0.5,0.9,下,0.83,3.0,하회,下,디플레이션
2015-03,2015Q1,0.9,0.9,下,0.47,3.0,하회,下,디플레이션
2015-04,2015Q1,0.9,0.9,下,0.47,3.0,하회,下,디플레이션
2015-05,2015Q1,0.9,0.9,下,0.47,3.0,하회,下,디플레이션
2015-06,2015Q2,0.4,0.9,下,0.7,3.0,하회,下,디플레이션
2015-07,2015Q2,0.4,0.9,下,0.7,3.0,하회,下,디플레이션
2015-08,2015Q2,0.4,0.9,下,0.7,3.0,하회,下,디플레이션
2015-09,2015Q3,1.5,0.9,上,0.5,3.0,하회,下,골디락스
2015-10,2015Q3,1.5,0.9,上,0.5,3.0,하회,下,골디락스
2015-11,2015Q3,1.5,0.9,上,0.5,3.0,하회,下,골디락스
2015-12,2015Q4,0.8,0.85,下,1.13,3.0,하회,下,디플레이션
2016-01,2015Q4,0.8,0.85,下,1.13,3.0,하회,下,디플레이션
2016-02,2015Q4,0.8,0.85,下,1.13,3.0,하회,下,디플레이션
2016-03,2016Q1,0.4,0.8,下,0.84,2.0,하회,下,디플레이션
2016-04,2016Q1,0.4,0.8,下,0.84,2.0,하회,下,디플레이션
2016-05,2016Q1,0.4,0.8,下,0.84,2.0,하회,下,디플레이션
2016-06,2016Q2,1.3,0.85,上,0.74,2.0,하회,下,골디락스
2016-07,2016Q2,1.3,0.85,上,0.74,2.0,하회,下,골디락스
2016-08,2016Q2,1.3,0.85,上,0.74,2.0,하회,下,골디락스
2016-09,2016Q3,0.4,0.8,下,1.35,2.0,하회,下,디플레이션
2016-10,2016Q3,0.4,0.8,下,1.35,2.0,하회,下,디플레이션
2016-11,2016Q3,0.4,0.8,下,1.35,2.0,하회,下,디플레이션
2016-12,2016Q4,0.8,0.8,下,1.34,2.0,하회,下,디플레이션
2017-01,2016Q4,0.8,0.8,下,1.34,2.0,하회,下,디플레이션
2017-02,2016Q4,0.8,0.8,下,1.34,2.0,하회,下,디플레이션
2017-03,2017Q1,1.1,0.8,上,2.28,2.0,초과,上,리플레이션
2017-04,2017Q1,1.1,0.8,上,2.28,2.0,초과,上,리플레이션
2017-05,2017Q1,1.1,0.8,上,2.28,2.0,초과,上,리플레이션
2017-06,2017Q2,0.7,0.8,下,1.81,2.0,완충(유지),上,스태그플레이션
2017-07,2017Q2,0.7,0.8,下,1.81,2.0,완충(유지),上,스태그플레이션
2017-08,2017Q2,0.7,0.8,下,1.81,2.0,완충(유지),上,스태그플레이션
2017-09,2017Q3,1.4,0.8,上,2.0,2.0,초과,上,리플레이션
2017-10,2017Q3,1.4,0.8,上,2.0,2.0,초과,上,리플레이션
2017-11,2017Q3,1.4,0.8,上,2.0,2.0,초과,上,리플레이션
2017-12,2017Q4,-0.2,0.8,下,1.41,2.0,하회,下,디플레이션
2018-01,2017Q4,-0.2,0.8,下,1.41,2.0,하회,下,디플레이션
2018-02,2017Q4,-0.2,0.8,下,1.41,2.0,하회,下,디플레이션
2018-03,2018Q1,1.4,0.8,上,1.22,2.0,하회,下,골디락스
2018-04,2018Q1,1.4,0.8,上,1.22,2.0,하회,下,골디락스
2018-05,2018Q1,1.4,0.8,上,1.22,2.0,하회,下,골디락스
2018-06,2018Q2,0.8,0.8,下,1.48,2.0,하회,下,디플레이션
2018-07,2018Q2,0.8,0.8,下,1.48,2.0,하회,下,디플레이션
2018-08,2018Q2,0.8,0.8,下,1.48,2.0,하회,下,디플레이션
2018-09,2018Q3,0.5,0.8,下,2.09,2.0,초과,上,스태그플레이션
2018-10,2018Q3,0.5,0.8,下,2.09,2.0,초과,上,스태그플레이션
2018-11,2018Q3,0.5,0.8,下,2.09,2.0,초과,上,스태그플레이션
2018-12,2018Q4,0.5,0.8,下,1.32,2.0,하회,下,디플레이션
2019-01,2018Q4,0.5,0.8,下,1.32,2.0,하회,下,디플레이션
2019-02,2018Q4,0.5,0.8,下,1.32,2.0,하회,下,디플레이션
2019-03,2019Q1,0.0,0.8,下,0.37,2.0,하회,下,디플레이션
2019-04,2019Q1,0.0,0.8,下,0.37,2.0,하회,下,디플레이션
2019-05,2019Q1,0.0,0.8,下,0.37,2.0,하회,下,디플레이션
2019-06,2019Q2,1.4,0.8,上,0.72,2.0,하회,下,골디락스
2019-07,2019Q2,1.4,0.8,上,0.72,2.0,하회,下,골디락스
2019-08,2019Q2,1.4,0.8,上,0.72,2.0,하회,下,골디락스
2019-09,2019Q3,0.3,0.8,下,-0.43,2.0,하회,下,디플레이션
2019-10,2019Q3,0.3,0.8,下,-0.43,2.0,하회,下,디플레이션
2019-11,2019Q3,0.3,0.8,下,-0.43,2.0,하회,下,디플레이션
2019-12,2019Q4,1.0,0.8,上,0.74,2.0,하회,下,골디락스
2020-01,2019Q4,1.0,0.8,上,0.74,2.0,하회,下,골디락스
2020-02,2019Q4,1.0,0.8,上,0.74,2.0,하회,下,골디락스
2020-03,2020Q1,-1.4,0.8,下,0.83,2.0,하회,下,디플레이션
2020-04,2020Q1,-1.4,0.8,下,0.83,2.0,하회,下,디플레이션
2020-05,2020Q1,-1.4,0.8,下,0.83,2.0,하회,下,디플레이션
2020-06,2020Q2,-2.6,0.8,下,0.22,2.0,하회,下,디플레이션
2020-07,2020Q2,-2.6,0.8,下,0.22,2.0,하회,下,디플레이션
2020-08,2020Q2,-2.6,0.8,下,0.22,2.0,하회,下,디플레이션
2020-09,2020Q3,2.3,0.8,上,0.95,2.0,하회,下,골디락스
2020-10,2020Q3,2.3,0.8,上,0.95,2.0,하회,下,골디락스
2020-11,2020Q3,2.3,0.8,上,0.95,2.0,하회,下,골디락스
2020-12,2020Q4,1.5,0.8,上,0.61,2.0,하회,下,골디락스
2021-01,2020Q4,1.5,0.8,上,0.61,2.0,하회,下,골디락스
2021-02,2020Q4,1.5,0.8,上,0.61,2.0,하회,下,골디락스
2021-03,2021Q1,1.6,0.8,上,1.9,2.0,완충(유지),下,골디락스
2021-04,2021Q1,1.6,0.8,上,1.9,2.0,완충(유지),下,골디락스
2021-05,2021Q1,1.6,0.8,上,1.9,2.0,완충(유지),下,골디락스
2021-06,2021Q2,1.4,0.8,上,2.35,2.0,초과,上,리플레이션
2021-07,2021Q2,1.4,0.8,上,2.35,2.0,초과,上,리플레이션
2021-08,2021Q2,1.4,0.8,上,2.35,2.0,초과,上,리플레이션
2021-09,2021Q3,0.0,0.8,下,2.41,2.0,초과,上,스태그플레이션
2021-10,2021Q3,0.0,0.8,下,2.41,2.0,초과,上,스태그플레이션
2021-11,2021Q3,0.0,0.8,下,2.41,2.0,초과,上,스태그플레이션
2021-12,2021Q4,1.8,0.8,上,3.7,2.0,초과,上,리플레이션
2022-01,2021Q4,1.8,0.8,上,3.7,2.0,초과,上,리플레이션
2022-02,2021Q4,1.8,0.8,上,3.7,2.0,초과,上,리플레이션
2022-03,2022Q1,0.5,0.8,下,4.18,2.0,초과,上,스태그플레이션
2022-04,2022Q1,0.5,0.8,下,4.18,2.0,초과,上,스태그플레이션
2022-05,2022Q1,0.5,0.8,下,4.18,2.0,초과,上,스태그플레이션
2022-06,2022Q2,1.0,0.8,上,6.04,2.0,초과,上,리플레이션
2022-07,2022Q2,1.0,0.8,上,6.04,2.0,초과,上,리플레이션
2022-08,2022Q2,1.0,0.8,上,6.04,2.0,초과,上,리플레이션
2022-09,2022Q3,0.3,0.8,下,5.48,2.0,초과,上,스태그플레이션
2022-10,2022Q3,0.3,0.8,下,5.48,2.0,초과,上,스태그플레이션
2022-11,2022Q3,0.3,0.8,下,5.48,2.0,초과,上,스태그플레이션
2022-12,2022Q4,-0.4,0.8,下,5.02,2.0,초과,上,스태그플레이션
2023-01,2022Q4,-0.4,0.8,下,5.02,2.0,초과,上,스태그플레이션
2023-02,2022Q4,-0.4,0.8,下,5.02,2.0,초과,上,스태그플레이션
2023-03,2023Q1,0.2,0.8,下,4.17,2.0,초과,上,스태그플레이션
2023-04,2023Q1,0.2,0.8,下,4.17,2.0,초과,上,스태그플레이션
2023-05,2023Q1,0.2,0.8,下,4.17,2.0,초과,上,스태그플레이션
2023-06,2023Q2,0.7,0.8,下,2.73,2.0,초과,上,스태그플레이션
2023-07,2023Q2,0.7,0.8,下,2.73,2.0,초과,上,스태그플레이션
2023-08,2023Q2,0.7,0.8,下,2.73,2.0,초과,上,스태그플레이션
2023-09,2023Q3,1.0,0.8,上,3.7,2.0,초과,上,리플레이션
2023-10,2023Q3,1.0,0.8,上,3.7,2.0,초과,上,리플레이션
2023-11,2023Q3,1.0,0.8,上,3.7,2.0,초과,上,리플레이션
2023-12,2023Q4,0.7,0.75,下,3.18,2.0,초과,上,스태그플레이션
2024-01,2023Q4,0.7,0.75,下,3.18,2.0,초과,上,스태그플레이션
2024-02,2023Q4,0.7,0.75,下,3.18,2.0,초과,上,스태그플레이션
2024-03,2024Q1,1.0,0.75,上,3.1,2.0,초과,上,리플레이션
2024-04,2024Q1,1.0,0.75,上,3.1,2.0,초과,上,리플레이션
2024-05,2024Q1,1.0,0.75,上,3.1,2.0,초과,上,리플레이션
2024-06,2024Q2,-0.2,0.7,下,2.41,2.0,초과,上,스태그플레이션
2024-07,2024Q2,-0.2,0.7,下,2.41,2.0,초과,上,스태그플레이션
2024-08,2024Q2,-0.2,0.7,下,2.41,2.0,초과,上,스태그플레이션
2024-09,2024Q3,0.1,0.7,下,1.59,2.0,완충(유지),上,스태그플레이션
2024-10,2024Q3,0.1,0.7,下,1.59,2.0,완충(유지),上,스태그플레이션
2024-11,2024Q3,0.1,0.7,下,1.59,2.0,완충(유지),上,스태그플레이션
2024-12,2024Q4,0.2,0.7,下,1.93,2.0,완충(유지),上,스태그플레이션
2025-01,2024Q4,0.2,0.7,下,1.93,2.0,완충(유지),上,스태그플레이션
2025-02,2024Q4,0.2,0.7,下,1.93,2.0,완충(유지),上,스태그플레이션
2025-03,2025Q1,-0.2,0.7,下,2.05,2.0,초과,上,스태그플레이션
2025-04,2025Q1,-0.2,0.7,下,2.05,2.0,초과,上,스태그플레이션
2025-05,2025Q1,-0.2,0.7,下,2.05,2.0,초과,上,스태그플레이션
2025-06,2025Q2,0.6,0.7,下,2.17,2.0,초과,上,스태그플레이션
2025-07,2025Q2,0.6,0.7,下,2.17,2.0,초과,上,스태그플레이션
2025-08,2025Q2,0.6,0.7,下,2.17,2.0,초과,上,스태그플레이션
2025-09,2025Q3,1.4,0.7,上,2.1,2.0,초과,上,리플레이션
2025-10,2025Q3,1.4,0.7,上,2.1,2.0,초과,上,리플레이션
2025-11,2025Q3,1.4,0.7,上,2.1,2.0,초과,上,리플레이션
2025-12,2025Q4,-0.1,0.65,下,2.31,2.0,초과,上,스태그플레이션
