date,골디락스,리플레이션,스태그플레이션,디플레이션
2016-04-30,0.05293891775020924,0.01766171380833035,0.026474839381432747,0.9029245290600276
2016-05-31,0.05180509395209983,0.017283168711394493,0.02589301916330495,0.9050187181732008
2016-06-30,0.05084930284186336,0.01692040017398869,0.02540776482805589,0.9068225321560921
2016-07-31,0.049754159117008714,0.01657244964262508,0.024883706759301304,0.9087896844810648
2016-08-31,0.15328086816205033,0.04339244851258582,0.08036381900864788,0.722962864316716
2016-09-30,0.17451247097996747,0.041513796168466434,0.0750480957875947,0.7089256370639714
2016-10-31,0.41115402951839586,0.0396325959827104,0.0706931207279632,0.47852025377093055
2016-11-30,0.5549332483519922,0.016085751130771524,0.024331066673926614,0.4046499338433097
2016-12-31,0.0672607905599931,0.01577302459757012,0.028405949946103095,0.8885602348963337
2017-01-31,0.062260479823050933,0.015472123819163292,0.023478116442407417,0.8987892799153784
2017-02-28,0.06098667907453933,0.015182397010692237,0.022873112935912446,0.900957810978856
2017-03-31,0.0598698960295694,0.01490323886639676,0.02244577284962469,0.9027810922544092
2017-04-30,0.05881334698656856,0.014634086547217123,0.022067880969745535,0.9044846854964688
2017-05-31,0.11493533314611835,0.05225202429149797,0.14225350633709904,0.6905591362252846
2017-06-30,0.10691053993836554,0.0968016194331984,0.12873618893145294,0.6675516516969832
2017-07-31,0.09837251187849072,0.5677767236768633,0.11708864978560518,0.21676211465904083
2017-08-31,0.04529553590579293,0.0534776901269684,0.3261363297179989,0.5750904442492397
2017-09-30,0.04170593623170258,0.05910973817066258,0.33132477390556236,0.5678595516920726
2017-10-31,0.03948062254112841,0.03350024190959244,0.5748245336196063,0.3521946019296728
2017-11-30,0.08133803555290052,0.11334384980043849,0.3516349301991066,0.4536831844475544
2017-12-31,0.07591120322829426,0.1441169497056458,0.3003061660249508,0.4796656810411091
2018-01-31,0.07154456983855893,0.3452055072467582,0.3246694067288609,0.258580516185822
2018-02-28,0.056735885031544156,0.42407530329462634,0.06774333154712028,0.45144548012670926
2018-03-31,0.05693634679233899,0.07205108273751587,0.3573381848334213,0.5136743856367239
2018-04-30,0.054503734357525604,0.031433600343842516,0.5186506312339192,0.39541203406471265
2018-05-31,0.16466810268271256,0.05019055632491107,0.5592075923827271,0.2259337486096493
2018-06-30,0.18151393337926408,0.04848858728357788,0.5550123914990124,0.2149850878381456
2018-07-31,0.3939393939393939,0.08909090909090908,0.1096969696969697,0.4072727272727273
2018-08-31,0.13328512396694214,0.05659090909090909,0.042541322314049584,0.7675826446280991
2018-09-30,0.13113694341372914,0.05567312152133581,0.04182803803339517,0.7713618970315398
2018-10-31,0.12905614314894093,0.05478433923724782,0.04113818237779456,0.7750213352360167
2018-11-30,0.07762004844685096,0.12167818466799658,0.6212649615275007,0.17943680535765175
2018-12-31,0.07467489081546183,0.117247082980249,0.6355835669121961,0.1724944592920931
2019-01-31,0.07194085249042145,0.11311661877394634,0.6488805076628352,0.16606202107279694
2019-02-28,0.12614892984542214,0.05451991676575505,0.06762336504161712,0.7517077883472058
2019-03-31,0.1242336972134444,0.053685004309106575,0.06656636024130996,0.755514938236139
2019-04-30,0.122375,0.052875,0.06554166666666666,0.7592083333333333
2019-05-31,0.12057041117979037,0.05208882020962107,0.0645478366030637,0.7627929320075247
2019-06-30,0.11881763787721124,0.051325442247658684,0.06358350676378773,0.7662734131113423
2019-07-31,0.11711451247165532,0.050583900226757364,0.06264739229024943,0.7696541950113378
2019-08-31,0.354453125,0.081171875,0.104921875,0.459453125
2019-09-30,0.38182958477508655,0.07791089965397924,0.10026384083044983,0.43999567474048445
2019-10-31,0.4072762345679013,0.07485339506172839,0.0959645061728395,0.4219058641975309
2019-11-30,0.1377528782894737,0.04942639802631579,0.06130139802631579,0.7515193256578947
2019-12-31,0.13585549672999067,0.04873995639987543,0.06043226409218313,0.7549722827779508
2020-01-31,0.13400898941568798,0.04807210864627133,0.05958726016142284,0.7583316417766179
2020-02-29,0.3755414065407037,0.07042378137015752,0.09042378137015752,0.46361103071898124
2020-03-31,0.39834328358208954,0.06795522388059702,0.08695522388059701,0.4467462686567164
2020-04-30,0.41973736758384944,0.06562629031712187,0.08372152841235996,0.4309148136866687
2020-05-31,0.15324044634358736,0.04701229267502379,0.058355576257113344,0.7413916847242754
2020-06-30,0.15123545139981126,0.04639194715319283,0.057568417741428124,0.7448041837055678
2020-07-31,0.14168407024786492,0.03827497953615526,0.15420466495713375,0.6658362852588461
2020-08-31,0.11132174236168235,0.034579406078864346,0.1440512567522032,0.7100475948072501
2020-09-30,0.11867205069436038,0.040015817620754325,0.1795380219089755,0.6617741097759098
2020-10-31,0.14370721099887768,0.04406425364758698,0.054619809203142536,0.7576087261503928
2020-11-30,0.39040643043133705,0.061940450583040874,0.07921317785576815,0.468439941129854
2020-12-31,0.4099505399176529,0.06002071626485744,0.07654245539529224,0.4534862884221975
2021-01-31,0.428421803652968,0.05819920091324201,0.07403253424657534,0.43934646118721465
2021-02-28,0.4458849315068493,0.05647123287671233,0.07167123287671233,0.4259726027397261
2021-03-31,0.4624041501175326,0.05483180676015239,0.06944719137553701,0.41331685174677796
2021-04-30,0.47804160324708267,0.05327583291053611,0.06734990698461017,0.40133265685777103
2021-05-31,0.49285644394744205,0.05179829466032988,0.06536972323175846,0.3899755381604697
2021-06-30,0.5069043702050723,0.05039434463212418,0.06349779290798625,0.37920349225481736
2021-07-31,0.5202374429223744,0.049059360730593596,0.06172602739726027,0.36897716894977167
2021-08-31,0.14765974370304905,0.27793106495802034,0.2607052585064074,0.31370393283252324
2021-09-30,0.1383683620440942,0.3229125383915887,0.24526924327028773,0.29344985629402937
2021-10-31,0.12999423086365197,0.36355366524279475,0.23114327097756174,0.27530883291599156
2021-11-30,0.07680130527890139,0.1097452394710901,0.6006395322750604,0.21281392297494817
2021-12-31,0.0742024385078194,0.10623432789379968,0.6138693727496882,0.2056938608486928
2022-01-31,0.07177075591667824,0.10293283490121512,0.6262711718596238,0.19902523732248287
2022-02-28,0.11863091020268354,0.32384384540304184,0.30403363080374535,0.25349161359052924
2022-03-31,0.11251206182870849,0.3580119851740961,0.28938130709641346,0.24009464590078186
2022-04-30,0.10691601961155651,0.3893826147339183,0.2758035056709383,0.2278978599835869
2022-05-31,0.06941737421879932,0.1458645682090777,0.5933732087620731,0.19134484881004987
2022-06-30,0.06732093682005356,0.1417265509937825,0.6053139661293737,0.18563854605679012
2022-07-31,0.06534510482643492,0.13780693032847252,0.6165927726223794,0.18025519222271325
2022-08-31,0.0992581059434379,0.3561212301148917,0.3315496575342466,0.21307100640742377
2022-09-30,0.09493323465956785,0.3833995660596905,0.3181020998246196,0.20356509945612203
2022-10-31,0.09093004478922875,0.4087589946700273,0.30551327583291055,0.19479768470783348
2022-11-30,0.06318220250925233,0.17516901029104057,0.5881160501070217,0.17353273709268538
2022-12-31,0.06145977480987046,0.1707030432355746,0.5989712945089193,0.16886588744563574
2023-01-31,0.059826925802776126,0.16644849738913386,0.6092871322327077,0.1644374445753823
2023-02-28,0.05827701989025869,0.1623917915573574,0.6191010107488789,0.16023017780350493
2023-03-31,0.05680403900984074,0.1585203334072192,0.6284472243673385,0.15622840321560166
2023-04-30,0.05540251588037867,0.15482245818470827,0.6373572000573109,0.15241782587760214
2023-05-31,0.054067475072963195,0.15128736536955467,0.6458597609193282,0.14878539863815393
2023-06-30,0.052794381003325806,0.14790505579948662,0.6539813671210843,0.14531919607610322
2023-07-31,0.051579092020196136,0.14466627084680939,0.6617463350079758,0.14200830212501867
2023-08-31,0.05041781984789637,0.14156243458845966,0.6691770356071354,0.1388427099565086
2023-09-30,0.04930709372430103,0.13858559947952043,0.6762940740010126,0.13581323279516602
2023-10-31,0.04824372865332533,0.13572839575318152,0.6831164511451175,0.13291142444837553
2023-11-30,0.08378020395889393,0.3720593184762628,0.36501462101380844,0.17914585655103488
2023-12-31,0.08064382533989661,0.3950352999208706,0.3520270478578549,0.1722938268813779
2024-01-31,0.07771067265931197,0.41658690695411715,0.33979900249500916,0.16590341789156168
2024-02-29,0.04707341580971425,0.16406376131378264,0.6595769102141155,0.12928591266238754
2024-03-31,0.04611167615576486,0.16087559299255358,0.6663408022700795,0.12667192858160198
2024-04-30,0.04518798234220241,0.15780563031999179,0.6728463601994313,0.12416002713837447
2024-05-31,0.0735427868431035,0.3901698875932073,0.3785526956559847,0.1577346299077046
2024-06-30,0.07111860312230865,0.4097242815507461,0.3667338553052433,0.15242326002170195
2024-07-31,0.06883467581829941,0.42820497271801566,0.35552936495737986,0.14743098650630496
2024-08-31,0.044104242908229445,0.1835295670384178,0.6514861497568764,0.12088004029647648
2024-09-30,0.04326426639743771,0.18021515245049627,0.6579172216980029,0.11860335945406321
2024-10-31,0.04245527384985515,0.177014748121962,0.664120482888987,0.11640949513919575
2024-11-30,0.04167560909129224,0.1739228186517512,0.6701074728952788,0.11429409936167781
2024-12-31,0.04092372956252762,0.17093415819708352,0.675888996906761,0.11225311533362793
2025-01-31,0.04019819699517317,0.16804386905135063,0.6814751795894812,0.11028275436399508
2025-02-28,0.03949766895805171,0.16524734146169276,0.686875514777211,0.1083794748030446
2025-03-31,0.038820891185723815,0.16254023468218984,0.6920989112861932,0.1065399628458932
2025-04-30,0.03816669061002214,0.15991845923598266,0.6971537351331462,0.1047611150208489
2025-05-31,0.03753396902378543,0.1573781603444561,0.702047848427634,0.10304002220412456
2025-06-30,0.036921697313481286,0.15491570247188577,0.706788645197363,0.10137395501726983
2025-07-31,0.036328910204125486,0.1525276549281896,0.7113830843903567,0.09976035047732829
2025-08-31,0.03575470146591263,0.15021077846954287,0.715837720282285,0.09819679978225951
2025-09-30,0.035198219537333084,0.14796201283579327,0.7201587305012769,0.09668103712559678
2025-10-31,0.03465866352432857,0.14577846516423626,0.7243519418667453,0.09521092944468995
2025-11-30,0.06445406141564584,0.3969035735241917,0.40099030012387443,0.13765206493628798
2025-12-31,0.06256677502983699,0.4141824301637938,0.3897096081072757,0.13354118669909346
