,regime,strategy,n_months,insufficient,sharpe,ann_return,ann_vol,hit_rate,worst_month,max_dd_concat,t_stat_mean
6,골디락스,역변동성,30,False,1.151358277762942,0.014604078985418045,0.012600099207958881,0.5666666666666667,-0.0039812437777532,-0.0048136644589082955,1.820457280309846
5,골디락스,동일비중,30,False,1.0154023707667978,0.13066064777918274,0.12156028645127635,0.6333333333333333,-0.0677363202440911,-0.08463818765227693,1.6054921165789275
10,골디락스,GTAA,30,False,0.8644696745130562,0.1636997949711274,0.17648521458559013,0.5,-0.0582411844357978,-0.11919440840585971,1.366846569802834
3,골디락스,올웨더,30,False,0.6685976647847591,0.07975817791196871,0.11514097680065549,0.6333333333333333,-0.0604820995991979,-0.10163894590128031,1.0571457294947952
0,골디락스,KOSPI (벤치마크),30,False,0.6495080639264948,0.21952175752339254,0.30809308458040374,0.6333333333333333,-0.1300386367568191,-0.23999271494275343,1.0269624203269854
4,골디락스,정적 60/40,30,False,0.5090956802662121,0.10213779772400144,0.1918045978428469,0.5333333333333333,-0.086349976422889,-0.18287772280179482,0.8049509482970333
8,골디락스,MDP,30,False,0.49590744559900823,0.011826772232030436,0.02372044289870817,0.5333333333333333,-0.0177930359115576,-0.02812255941097841,0.7840985183644549
9,골디락스,ERC,30,False,0.4575358969585126,0.01084788572973272,0.0235922941835672,0.5,-0.0177917157948988,-0.02778434394472018,0.7234277728385029
2,골디락스,황금나비,30,False,0.4286349084099979,0.06982241123100486,0.15790319777397357,0.6,-0.078008731020166,-0.15784056981804928,0.677731297616628
1,골디락스,영구포트폴리오,30,False,0.3233651274573902,0.04128918795054948,0.12533149017744966,0.5,-0.0744484137752076,-0.11776657168137727,0.5112851593180029
13,골디락스,robo,33,False,0.29868206994027197,0.09750329804868829,0.31270532413706903,0.45454545454545453,-0.1564842877651937,-0.4192562762448576,0.49530817879928574
11,골디락스,quant,33,False,0.24908916697194367,0.130871203757273,0.49629105856919126,0.5151515151515151,-0.2076154149677759,-0.5957490014342348,0.41306765309406185
7,골디락스,GMV,30,False,0.12909849646885807,0.0015042436291972106,0.011643881010778118,0.6333333333333333,-0.0070504635818779,-0.012936499256317235,0.20412264567239813
12,골디락스,quant_s2,33,False,0.07481649719119357,0.03662820388250565,0.481542303859147,0.42424242424242425,-0.2197183098591549,-0.616589829430304,0.12406912465593387
20,디플레이션,역변동성,30,False,1.2716051384404465,0.013259593391089508,0.010364606434410133,0.6333333333333333,-0.004198583673293,-0.005343492225322044,2.010584260922772
17,디플레이션,올웨더,30,False,1.1982396365391084,0.1499795343036212,0.11730624982325233,0.6666666666666666,-0.0557654046628524,-0.05801863034785526,1.8945832170779509
14,디플레이션,KOSPI (벤치마크),30,False,1.172526970352443,0.5118618261076313,0.35866394336156676,0.6666666666666666,-0.1288092550790067,-0.1723353945957723,1.8539279221452216
15,디플레이션,영구포트폴리오,30,False,1.151065550888821,0.12156661274660152,0.10014776710035724,0.6,-0.0436739979274695,-0.06119836596168937,1.819994438482564
24,디플레이션,GTAA,30,False,1.1484750344759882,0.16892341000015265,0.13679240286052174,0.7666666666666667,-0.0999674290568681,-0.09996742905686806,1.8158984723922633
18,디플레이션,정적 60/40,30,False,1.132499415839063,0.27726464709548493,0.21830756607235796,0.6333333333333333,-0.0871094808126411,-0.11943122459868516,1.7906388014308043
19,디플레이션,동일비중,30,False,1.0832012186359097,0.1182657043515114,0.10367532026755653,0.6666666666666666,-0.0695295173678384,-0.0695295173678383,1.712691507579751
16,디플레이션,황금나비,30,False,1.0214197285297868,0.12154811337055471,0.112842927039575,0.6666666666666666,-0.0674191983419756,-0.08711997081360312,1.615006394592498
22,디플레이션,MDP,30,False,0.784912801162588,0.01761658820500589,0.022264801569262936,0.6666666666666666,-0.0170994783403284,-0.017099478340328322,1.241056108148319
23,디플레이션,ERC,30,False,0.6591314029386862,0.014620750423944617,0.0220345740950492,0.6333333333333333,-0.0173462423891785,-0.01741240215810702,1.0421782553142251
25,디플레이션,quant,30,False,0.2828537473497865,0.15641385470883873,0.5169004613662441,0.5666666666666667,-0.2673103179247124,-0.5191543459318103,0.44723104316957046
27,디플레이션,robo,30,False,0.2604933334972191,0.08651019273215321,0.3196181778841579,0.6666666666666666,-0.2701025810721376,-0.4586143365515064,0.4118761245705237
21,디플레이션,GMV,30,False,0.1973254395009245,0.0025907420975348483,0.013113721567901918,0.6,-0.0081660489557802,-0.008765844326298344,0.31199891455834033
26,디플레이션,quant_s2,30,False,-0.55085305066794,-0.25130646234547005,0.5191278062317469,0.4666666666666667,-0.3522286821705427,-0.7238263648100779,-0.8709751480814135
34,리플레이션,역변동성,30,False,3.49134373998386,0.038294147363669984,0.010780384032061408,0.8333333333333334,-0.0019194304843945,-0.0019194304843944687,5.52029915645984
35,리플레이션,GMV,30,False,2.6151166480022323,0.02879621306350799,0.010868731862380913,0.9,-0.0044197186627465,-0.004419718662746375,4.134862477355937
36,리플레이션,MDP,30,False,2.003427570104929,0.04482265081818815,0.021926105247979333,0.8333333333333334,-0.0123728533145313,-0.014357917766301354,3.167697124354118
37,리플레이션,ERC,30,False,1.9895497219293516,0.0440887164514745,0.021724572173377185,0.8,-0.0113354865542679,-0.01282520636001705,3.1457543197257003
29,리플레이션,영구포트폴리오,36,False,1.8385202802495872,0.1235526222963037,0.06367237452214466,0.7222222222222222,-0.0309023606382661,-0.03858836121080489,3.1844105361380564
30,리플레이션,황금나비,36,False,1.2382570251603706,0.10667076656188135,0.08220058482153403,0.6666666666666666,-0.0405937750949556,-0.07807198354472356,2.1447240804068555
31,리플레이션,올웨더,36,False,0.7781274084909816,0.06253070697924201,0.07814538520622252,0.6388888888888888,-0.0818564828266239,-0.10719577159477744,1.3477562062682824
32,리플레이션,정적 60/40,36,False,0.7165349204933834,0.07890115676656095,0.10632264748807319,0.5833333333333334,-0.0794598187368551,-0.1206218020476898,1.2410748876918662
38,리플레이션,GTAA,30,False,0.7154675390145009,0.05082986087636132,0.06944097255049239,0.5666666666666667,-0.0334338019318423,-0.10644405761890063,1.1312535076006023
39,리플레이션,quant,39,False,0.6979182327385247,0.24197885987156265,0.3133239859190519,0.5384615384615384,-0.1122514808515628,-0.20942826802751702,1.2581899871099809
40,리플레이션,quant_s2,38,False,0.6762163131152225,0.352456743756451,0.45215269392421253,0.5263157894736842,-0.1415340086830679,-0.3573013377445634,1.203335748405223
28,리플레이션,KOSPI (벤치마크),36,False,0.5195850114271421,0.09344059245070291,0.17256569058654592,0.5555555555555556,-0.1225865209471767,-0.22654552556963647,0.8999476386430658
33,리플레이션,동일비중,36,False,0.5067160618002048,0.048363806988040325,0.09339301179128041,0.4722222222222222,-0.0999901928298829,-0.16608823949750617,0.8776579640491659
41,리플레이션,robo,39,False,0.11451747779029771,0.02118869873572593,0.1832529727337173,0.46153846153846156,-0.1115377901902601,-0.3013075285542821,0.20644931905486352
49,스태그플레이션,GMV,26,False,1.3059823631913046,0.01996503900574642,0.015149242093921144,0.7307692307692307,-0.0096616854271537,-0.01207971684507092,1.9223539878912208
51,스태그플레이션,ERC,26,False,0.8154963872045287,0.018464949122021457,0.022453192599671615,0.6153846153846154,-0.0135095503068211,-0.012909726013192513,1.2003781798574498
48,스태그플레이션,역변동성,26,False,0.7477376189067048,0.013226911975058542,0.017582901837648234,0.6923076923076923,-0.013421677964426,-0.012968111711224029,1.1006399734902332
50,스태그플레이션,MDP,26,False,0.64819389411261,0.013290699852056997,0.020380351626662758,0.5769230769230769,-0.0113002878359951,-0.014916229265996006,0.9541155779694009
43,스태그플레이션,영구포트폴리오,32,False,0.5633627256395193,0.03786180205812717,0.06606798638933968,0.5,-0.0279176117728883,-0.07097927124288173,0.9199674786135842
42,스태그플레이션,KOSPI (벤치마크),32,False,0.504503056587378,0.09623894996162052,0.18282916262491908,0.46875,-0.1238379814077025,-0.18506743603519382,0.8238500415423626
46,스태그플레이션,정적 60/40,32,False,0.4703415149641461,0.05611336261519573,0.11634081187441497,0.46875,-0.0696239359182421,-0.1123313652403869,0.7680644776731844
53,스태그플레이션,quant,36,False,0.3648588202864563,0.19530528185181661,0.49261340483865795,0.5277777777777778,-0.2065656231385267,-0.6286837884569656,0.6319540143257845
45,스태그플레이션,올웨더,32,False,0.3177909939527503,0.023659767865719106,0.07365536765610468,0.46875,-0.0370298482629436,-0.0939657909392907,0.5189505200240886
55,스태그플레이션,robo,36,False,0.18491959922881085,0.05257914156546972,0.2777047214311174,0.5555555555555556,-0.2102096940529391,-0.3284250249289882,0.320290141179575
44,스태그플레이션,황금나비,32,False,0.16768639948374797,0.014713853794982246,0.08716001251754607,0.5,-0.0574563272567334,-0.12085597705823059,0.27383074369312205
47,스태그플레이션,동일비중,32,False,-0.09703980729798244,-0.007496788913440189,0.07752150747588887,0.5,-0.0537327710266855,-0.13998597910408894,-0.15846534174537613
54,스태그플레이션,quant_s2,36,False,-0.16523977635683862,-0.09561786776966685,0.6056870726704809,0.3888888888888889,-0.3158682634730538,-0.8785571884992187,-0.28620368808136304
52,스태그플레이션,GTAA,26,False,-0.5001688182886999,-0.037084132937826975,0.07543412621976937,0.38461538461538464,-0.0700373691250173,-0.10700944536281265,-0.7362285659865972
